vel_avg,vel_max,jitter,dist_total,density,is_illegal
919.2097747588235,64257.29530566937,3368.850374554178,64378.43697665818,19.262680563733547,1
1616.0788701501724,767426.8694800828,27286.680647749872,71119.47586706068,3.5813821981069833,0
71853.30276187525,1843856.0139013024,258420.66918551142,142727.26447609894,4.6676780744780855,0
322.99185864843855,86838.93136145792,2524.948324483942,33781.53144558933,4.85301394369235,0
2759.625263287397,473524.0226218729,29630.35033179958,18755.016280320073,1.3086614428108012,1
2082.680745909266,210011.90442448732,8857.885996638439,27019.84029571268,2.626643693741511,0
4084.223969935457,599770.7895521421,45085.7984012691,55378.145942694035,3.4832101443603305,1
23255.825966167635,1125224.422059884,146954.0276217872,148749.89057728293,2.834393084815489,0
1947.9589021287609,118697.09347747316,6775.9046443379175,21592.64131983617,12.280363004441012,0
1046.356566452454,218277.34651126762,8130.554836897744,59102.10154787543,5.423695940540222,1
311.36115819365745,53712.19600798314,1667.8505750542731,49094.888495797386,3.6683185092026354,1
533.4739539742205,472478.5709426407,11798.877301521527,41119.61245850175,4.599774136013358,1
5942.4963403511365,856304.8522576524,62975.597287308505,44446.14166322909,4.089690604308697,0
490.78465676270787,141315.250415516,6248.2916451949595,12757.390046799286,3.277324371899504,1
14312.67046917458,1249099.6757665097,125263.2980227596,68374.08144026973,5.268320022418384,0
9058.061807620697,1243434.7590444784,84835.8408884395,166820.7037315107,6.469765941431592,0
1526.3512928792527,112271.99116431488,7293.976420816174,15271.003909926674,4.321596380300481,0
6148.950055593643,505099.0001969911,40864.55259006911,55996.753124079245,2.21018297212998,1
461.57383985811873,53160.135440008045,2314.9580828145554,26984.263125921592,1.8846744328092928,1
1312.2672905924874,737392.704059377,26409.47690696052,28592.45859466084,1.258488408491283,1
9693.943314965076,932493.4316122553,62294.77633399926,38599.14231312509,3.7819344000327795,0
20162.32312556609,726933.9722423214,103278.73499004488,66778.73519324708,2.8152692812176747,0
4264.085321003361,108415.86599755591,13707.467417614484,7730.026737493556,3.435263963553158,0
1549.581495897919,911691.2854689355,24271.114430951588,52299.83115294723,3.0140904103847435,1
2605.402277210468,210772.3890835799,16879.61111030157,15374.63528683385,0.029299359173900332,1
481.1113725728079,31400.636936215164,1405.3173188708863,11501.320513182629,23.631803209296137,0
9151.017962961652,730241.0560903844,75628.94995046608,63171.67819768519,1.1634648784689265,1
9805.326632783233,639200.2816019404,50876.127653722426,38442.51236262833,4.2525965578280625,0
1757.3192347205995,892182.1562887257,28448.217048316128,63458.2490683615,1.9806002742369608,1
8751.163850947012,1429923.4245231454,90778.08664454457,70340.24889485177,1.1531256966801084,1
15320.422384878213,1137243.1578163046,113581.49844224397,15230.412370050013,1.268316037478319,1
690.1825208903123,66121.10101926616,2392.768031878695,86254.6448539108,1.6595349024472792,1
31382.763592504212,904900.547021605,130735.37441628997,82532.60731712983,1.1134400272927167,0
1213.051726151478,303318.3146465112,13077.466188144377,40256.87777057596,1.2768147380901196,1
885.3636593808365,55946.40292279746,3224.766324376163,23472.565732946223,12.415990912819867,0
11736.345134996898,921115.0851006621,82357.65198668475,98722.67871586219,3.072667169068108,1
120957.00745283194,91839845.82413016,3229377.9911895045,245069.77353252287,3.779949912159384,1
11410.30845574388,1108756.5106911436,104575.17348237541,86926.75319282888,1.0716695974904606,0
2222.1052378127,172490.5794529081,15851.449739207359,4825.719625286858,1.6264570344244698,1
13337.015530443663,701410.008482913,60594.66916780178,55425.53693930727,4.853643435126998,0
3342.3894375469094,175931.80496999397,15539.593453397647,17864.950989870482,2.77641387314199,0
1140.9808950287897,861868.3194084812,23017.820094509098,52358.87635035049,2.689978552106266,1
11758.303010723137,746539.3492643237,78246.86710615105,90409.42968229472,2.4520233733614254,0
252.23594227911533,4819.153228865389,599.4842436020735,12147.422466428461,1.8776870348947632,1
1995.2533126708406,558187.2445694187,29533.04729155082,17830.984207545072,0.7627031738706865,1
2324.9838115610887,609847.5219265878,11182.513274316205,67080.41702989704,18.754736169396082,0
806.9024356492527,160153.0517973354,5210.542168885669,60340.843583841386,4.471146132315975,0
315510.7813892325,92317779.67975616,5265840.785380576,1145197.45871022,0.6384685971917857,1
2884.3835377024925,314874.5782053546,27089.628417212924,4642.062317310177,3.4442719409255176,0
683.4513864965005,76216.79604916491,3501.341363624623,65606.20134959255,0.2350540152760511,1
4277.7277325742425,1112541.2351908581,57085.41188240635,73766.19870492863,2.921949050007891,1
6560.574953333463,1034818.3415459932,73503.35286309963,59957.72573224855,1.8858721708453308,0
12216.642123129308,1210805.5170009756,111768.54207792999,104222.4980188042,2.3057063888565117,0
155607.35407162,92141792.3854317,3630145.467337387,395800.8759838537,0.9834874434342712,1
1979.3911159085944,37054.01462729781,3429.396873838088,37799.55976318579,23.498899496712507,0
14388.690251085107,1224197.6964526605,97376.73345994663,64731.06894222474,0.7088897043437122,1
8030.310866567927,913717.6806869833,76514.41612812734,61787.93108422286,4.094165813715455,1
4846.583811215398,860614.3154747079,50569.90520575583,55836.97557141463,2.722511742171707,0
5874.7269464682095,1112699.869686341,73755.67963688672,53224.117247512746,2.2712474917279373,1
6704.864191760257,5715790.671809322,154999.49085977147,298270.3348573121,1.4950957155482325,1
9380.349409396913,1179247.2175078471,77554.314916333,42235.87009688469,2.6643508174329487,1
10770.12493013222,891415.1670237611,84464.74067655584,65443.79565411282,4.27088319770225,0
41980.75754985047,1154900.8615461327,180650.206422456,159384.91917797428,1.5310118588070991,1
18860.743672613902,734782.2806791138,94630.01479189833,71467.25272683546,3.644074933204718,0
517.5859402487284,61220.91146005587,2666.4008918225086,54963.21100550037,3.5451392258927976,0
32823.48262534683,1122627.7210188603,166007.4891596602,173608.32402085204,2.3979012943463585,0
3459.33099034521,693808.330881087,39143.76462731044,39787.57527561165,5.050236966824644,0
1864.524838413405,27459.060435491963,3182.8992157552216,29816.597947483555,20.98368811753535,0
18034.85783780958,891140.841842635,110070.977314948,75073.31556588311,2.977916076286799,0
19266.250783017636,6122476.074637828,179133.81773121812,275190.1871954375,5.985516607861022,0
139587.6453352006,91485971.26335818,3508185.9841070133,128615.09943085263,1.553249031503545,1
2362.610111565709,299641.4524060381,16495.281494271723,32385.060372459302,4.424444465430781,1
9169.567725377736,1231802.7439488838,87683.03993872623,132184.37878171453,3.472330841179967,0
40273.29818136307,5710202.856318524,220345.10317255862,337198.35759109573,1.4188500262373698,1
104648.56180960288,92030079.05027573,3090634.224977303,438739.1067608326,1.3421004061239883,1
392.0740919357181,34713.10991541956,1844.0164431051103,32703.390046255692,4.258126424373275,0
1590.2899612839321,241404.225315134,12412.156501420795,59585.89715970184,1.193789996269406,1
8818.400599460678,1129321.9204460701,84311.12904590614,120938.36519526422,2.7194213698156386,0
3999.3576301172516,415600.76997041283,25479.861756727387,34003.21204999839,4.801920768307323,0
71711.2808291359,91459316.1411127,2246878.699589613,307555.8455208619,0.3558260405071507,1
942.8291312095005,531543.0368276872,11339.542727804306,45980.97011012266,25.357422885074154,0
1945.2587784518255,118928.54997854805,8044.716624900009,10385.820470942941,7.5625690271616035,1
1510.16960732226,117643.52935882194,7963.050654010077,28112.086051506813,1.4200802925901284,1
6409.270759373157,1390323.7033151668,82546.53052043197,84092.1531710248,3.158629884765563,0
1217.624851966983,395839.6139852604,17079.539396142292,44481.84341454296,1.061821340445115,1
4151.255605474567,867208.1641682117,55542.58536818666,19543.899661432446,5.712945040771557,0
15604.906049865018,697839.523099688,97491.76903339199,73870.10503462056,3.1696048775876733,1
5909.425180711255,776217.1088039736,33052.101855541776,35393.42972559639,1.397309460945041,0
231.7271564285408,4939.082055902944,556.5569171440148,5165.76877593596,2.876785353210419,1
9470.085529344775,620890.4895390169,72670.47989855266,17381.056457519844,5.971186132292373,0
41336.509258832746,1331199.8347355665,179104.10464168957,197530.47221963044,0.6824406041569148,1
167053.62353612552,91843529.60334222,3745722.3353282264,1006708.0315437496,2.7467513505621257,0
1316.461936895784,21587.0331449229,2239.6987780313525,11687.537436988729,6.138849495492852,0
675.4169783741046,152013.1573252789,7064.252283499897,17066.745207005708,4.726522397617426,0
2763.380565287011,823865.2802491436,30676.17857135018,62790.90418893993,2.149725805450448,0
1666.297522188459,276904.31560378394,14360.012274227067,34476.13675026622,1.989270308852253,1
1137.1816802596077,143265.48781894404,4969.972802490857,44288.18350099858,17.455077391424673,0
962.4368088327819,57271.28425310541,4777.820782546249,15471.913218658912,6.3711516533546595,0
11442.23644872974,1721234.7312322047,126068.38237152978,25854.98767632698,0.9599501467417826,1
629.8620250915426,660600.4844079362,16586.455267299847,39999.785199013735,4.515392477572507,0
1802.0175944177427,34669.871646719424,3439.224702539022,26033.279794177615,17.188945482385716,0
18443.150807591992,1317658.908822765,115974.12393231713,135803.81703575316,4.640489650258565,0
3481.7027371089007,456684.7928276132,37631.33330343425,58213.464836351006,4.805038549687253,0
275.90513618205506,2700.833913746592,440.9027248125461,5501.870930343124,5.564616713038472,1
12982.809589501383,1443167.696423392,124787.99581173396,28738.03521382443,3.4376095777187796,0
1889.59841092514,41303.75285612676,3405.6115607413462,3886.676469384539,21.213557715098364,0
1339.2931407757674,153629.42426501508,7908.485617181255,50041.0751611747,2.963246753553886,1
2045.7164418937575,843993.4833871645,37878.73704766181,27620.66771453878,1.3031847082201815,1
849.7482503378927,128875.90930814028,5529.899369874193,36104.328863621995,0.8264190049967987,1
4085.365948487991,207617.4366473105,17355.85594404807,24307.366155296277,0.13706792776806961,1
21825.835006145597,1344274.5255341262,149192.72344133758,95604.60851610528,4.202310663008725,0
10782.785415587181,1303322.6768532803,105036.34021315072,126447.79734345766,4.4578278976428445,0
65221.146997580174,91143257.88559459,1903482.2043657987,385233.1647838458,3.2648064071825744,1
2066.909188905328,210211.7979562517,8315.67251875476,50625.8278704439,7.209399583854662,0
832.1111749829068,52086.46657242167,2456.25313858793,13439.880927755816,21.683951965154275,0
5169.779884269485,798827.2654335228,57994.07038266397,24069.33393554284,3.9715303978846377,0
1704.0347289519107,569541.0432971446,7035.097212689282,31150.233785821416,37.023909260810726,0
78552.25953423504,90942026.15402848,2626343.8639036245,257065.8896559871,0.9120346740521953,1
2426.843854107194,486284.8959200768,19455.27886367129,64482.010054731654,2.741318990027753,1
3853.312263180848,1015106.3983642305,48035.10538257421,98567.66484950122,5.2749131337140716,1
6013.065710932652,1388174.3406359302,74255.52611145655,63766.03406821574,2.867224294677967,0
4413.923302833867,182164.76058777122,14614.317003082944,17404.9816008761,3.4944551919566225,1
2074.7286368812306,32893.76840679705,3932.3017287031726,40640.96558114789,5.860872664873312,1
17920.10044852914,1157960.2756571574,115258.55442132562,140860.65764736995,5.690358366414705,0
4327.797827257267,391567.3632978111,19752.185097747497,23515.230327846835,1.3562395413783646,1
1862.466369259144,57035.076926396796,6149.367615521891,7155.756895953045,8.59657782154578,0
1622.8927141557333,1009630.1302952482,29185.287231379578,95092.09616834566,2.041671866849713,1
2168.509406662828,461637.3035186823,24006.203906978302,25531.00039934493,4.090577063550037,0
2591.9058889901294,740152.0114138715,31103.55876409932,58612.55613031643,1.3632924060829448,1
18705.808114955973,943932.2009551321,113197.14289976041,153712.53430135816,6.840579358900175,0
9186.183213105056,1695305.5771748053,86900.513625971,127127.12930766423,1.8611895148890432,1
5887.291833906144,573495.4228239316,30528.228781766473,28494.61065229744,5.876656352599381,0
11282.717330648577,807616.2455027759,83631.64482526781,102078.10802172434,1.131489975811861,0
1488.520034210329,87200.91742636656,7513.675434710861,13528.822668919745,6.3954129451979265,1
513.8031942343,57706.152185014034,1676.9425574141264,45434.28514307296,26.205700998609004,0
18611.60844156849,975502.4346458598,120999.91241197108,121197.870966652,4.340050128761269,0
14152.318587731343,91878102.7775389,1042347.9557189354,235306.4406181234,7.235285026097676,0
562592.6182563566,91911597.58158922,6764515.264540873,420537.9320415944,3.775288276092346,0
437.30455358503656,34058.772731852805,2128.383433494782,22581.609618003495,0.9455802659871363,0
1202.3428843839886,92195.44457292887,6217.9336612304405,31849.566118337378,2.9119579139667526,0
4811.162289028186,981114.6721968844,61775.50315003768,42545.23479848638,0.5773125389099434,1
2836.98714504837,216670.2563805194,10945.715324842402,30492.681170284653,21.415184477436426,0
303.0004765186426,6492.023413094323,745.7137112611475,14019.327356331169,7.17456469393438,0
670.3787370678084,80224.68448052632,2812.1160946172663,29063.998366629698,15.627129865830623,0
3619.483136128251,739638.4251781406,28940.610789805298,48942.30396502315,0.44421023296940926,1
2275.019794856509,146348.8981851247,9636.981272853449,38298.66356568889,2.4071030655372523,0
3783.27842023253,821087.6932459772,46148.798632764396,65117.78710491469,17.325861364948395,0
553.8364035951834,77058.41939723393,3389.9383388578917,33346.1475713222,2.5656476781627893,1
3167.4932467194553,84628.60036654276,9637.387831058099,9197.241721996777,5.994700816957386,0
237.36671314170448,3860.719104001222,465.5614952917171,44586.827482949186,4.1876536609949575,1
1924.2060592411194,34785.05426185217,3298.737012743416,29863.946566177787,20.951311893583195,0
4884.814219029679,1197342.473981442,52482.76765999856,102723.3919672308,1.689356119336866,1
1027.923703355886,304453.60894559947,11129.534086750942,38622.704601400066,4.610399256174249,0
1476.0356855737607,385519.1305240247,12778.246906264634,76335.35181982207,4.845594841288827,1
86076.78615046389,91674183.48150149,2602790.222666729,255157.1232218906,3.0601852879311324,0
50944.93856747882,1449240.4907398908,257480.70609140364,58223.56170619076,2.9982170071618537,1
15355.852929263938,1392302.0505623054,108391.85354923308,62667.30370267302,1.8009600096453087,1
3293.6895422565754,926931.4969295196,40155.96583840985,76828.14725370092,14.493035994611384,1
10762.471060558408,855828.2537986229,88858.97953373729,72003.51081130805,2.002434331932938,0
68641.24142704303,1379159.8892079191,223348.97190672072,194222.31749125652,5.705015968585366,0
2128.204064524656,659801.4852969034,35062.40495006287,13914.332194906456,1.3506140715672845,1
5909.165337395848,1217556.9801861432,73925.66267802191,24528.48606640524,1.3098299620005374,0
1037.2728334945332,535708.8761631638,16432.75351651256,47112.47591534093,3.1203440066595616,0
6811.53621444349,891239.5861944194,52979.08807966724,99598.83633770325,3.903689522017068,1
393.23277829027853,33909.46125346514,1241.6570816112755,15277.787418462616,18.682527751451573,1
23379.591877569153,1002808.556006579,133338.1122727987,44908.507602477606,1.2274613282607207,0
21462.057120810492,1098337.8350944668,114374.19311590496,91292.46779051298,5.374150290732721,0
9909.224704353746,5690226.106619324,227768.4650709999,234864.9201850811,0.4963584471616888,1
2253.007759429775,710724.9819726334,30116.962969508277,62054.45954858807,15.4748820068533,0
12987.844370125707,1775616.2310589526,117517.46929334478,145839.63209078496,3.7646722015459493,1
12821.771325118818,991710.1391031555,102914.67013610259,77313.58940933255,1.271638004868619,1
15359.519781252835,804174.7322566159,95253.35417657692,22981.813173551345,6.27779230971156,0
82755.12667095823,91704677.4815767,2355175.6222356623,450777.7831786938,1.175500532600471,1
919.4844548577668,56859.475903318,3067.829540426057,29859.988676524794,15.689773304217953,0
27654.31437778348,948863.0038103499,143887.78825809178,81622.84793787776,4.48738989482961,1
303.2601082858045,10816.653826391968,702.6549626773342,26668.177926586366,3.3832427896294335,1
413.51844415301605,55081.75741568164,2217.0917621459553,41753.20323452407,4.487120827245848,0
19367.317352617614,866931.3698326991,116054.27092756808,61997.8196838283,3.952288059822808,1
243.24281733151153,2748.0854680273287,430.4414406135774,14052.072098677592,5.111188153137537,1
101728.46135594715,91213947.23396198,2883919.070829854,249571.14222963125,3.412294486809317,1
74682.35970158555,91545415.53786296,2256377.574775592,334403.0639097286,3.4963182709116913,1
10079.773095439672,1089029.8434845577,78425.94447292242,107925.89076970324,1.2550709187102176,1
13965.744811653709,593956.227343396,73367.5811263925,54577.58012116628,4.229252688903042,1
21385.477476239714,729484.7496692443,116072.63907300642,47166.36947211511,0.9591094142410191,1
148.7895840430945,4242.640687119285,314.80631911770405,18007.4008728614,4.232645758289917,1
29964.459088235784,784005.1020242152,138107.65192202438,21246.30572033178,2.2830294808589486,0
17772.010275624452,1262613.1632451802,118815.75063330763,150345.4477752506,0.6193276448025773,0
1734.7621584433325,1107346.3776072958,34188.49476344949,81956.22655703634,5.7702486708611564,0
1760.6266401645646,179011.1728356641,7939.384020097875,39755.27238489731,17.389390270746205,0
8716.303614844948,604193.6775571224,50240.00523460952,58109.71587299997,6.255752097637805,0
106940.4716891061,90766560.82500868,2559932.677379865,315108.6626525897,3.7185976918237884,1
22503.86844298384,779274.0211247902,115663.61325218395,124640.76450602981,4.6729771828623266,1
1283.5591203515005,425973.0038394452,18751.54550279517,69284.63513993597,2.514312435511444,1
570.0065659511097,6000.0,819.7848470846543,30432.43751471857,4.588955130216505,1
1376.1537100133064,47010.637094172635,3416.7248290195853,10380.287403329528,16.601899827288428,0
3355.68607464415,1199864.158978007,59171.96093890088,42541.40592982199,1.1930122323714643,0
16559.27760435531,701643.7842666319,85612.3404343004,58966.14645463891,5.318132820281905,0
8828.031937032536,690055.0702661346,64352.02090151719,77560.77657828672,3.8945841668677526,0
44928.999491326766,951496.7157063654,186943.2430864048,89441.32254004665,2.883627488799685,1
145.48186882984163,2000.0,233.39286622561522,7981.330307805978,6.4284552947369935,0
8277.290704703415,627251.9430021719,68179.97278306488,52565.72692980517,3.826198852824816,0
94705.13961663765,1101552.540735121,266990.57858839893,129538.37339966575,2.6202613494533913,0
1686.0934278023058,556741.4121475068,16450.497046215387,63147.79846561801,2.763576067431256,1
793.698592690846,51923.01994298868,2569.6595640522437,10102.738712865535,17.849436585886423,0
199.60615900752464,4472.13595499958,515.8286201757903,5396.749782514149,2.49498997995492,1
10277.170183382405,1257380.212982533,72732.96429923867,97880.26416049204,4.02754266741902,1
562.8747892283011,171292.14809792073,7116.41487082908,14899.930443825684,2.197312273103624,1
249.76901871546332,3587.144170986927,476.5029108180418,18114.510106412294,1.7283898573024472,1
1109.4030254641266,80662.61697892178,5658.948521915241,33647.33490585649,0.09539033168051832,1
6969.045361335893,932517.0239732892,76534.0644276092,50813.18496421785,3.6940894568690092,0
1095.2079009423132,76295.4782408499,4430.0871925706815,40959.821578325565,0.10034982210912538,1
941.39023749441,516484.26887950813,13291.888802516065,41983.57876949242,20.872231993866414,0
13842.19807820263,841980.9974102741,82223.48566076081,72120.50797778685,4.045473166734944,0
7632.1741702360405,771373.4504116667,66733.64436257647,57757.638982058656,3.2995863445411966,0
5493.588143564207,889224.9434198301,51501.857855245136,24959.729191230348,2.3542124966230555,0
191494.9343994209,1171624.939987196,370681.3338281187,493546.3032223412,2.703782761679191,1
7906.909498378373,1852449.4594995028,91012.86291964383,89249.52164301048,2.1154595557534934,1
969.2666280847945,711960.6730712027,13358.517892795473,21274.79922908502,24.206648488716137,0
10878.263599948257,1241441.9035943646,86187.91272714321,124841.6967714723,2.9011757479347624,1
1512.8733162142328,82540.89895318564,6742.9164415155055,5983.367502345008,4.467286024906109,0
30545.639484565425,857092.7604407822,142202.2790184723,72708.99271137116,1.03193123585492,1
7749.451870743411,1090411.3902559895,84669.96479524682,68850.17244335283,5.4764837709078495,0
3140.8407527388563,840385.6257695034,43462.39464427719,88891.80704349992,0.5820484229661798,1
3012.7986092017723,548470.6008529536,19110.888119981108,28605.586508338114,10.636078118945225,1
267.1037343784709,3640.043595818984,529.1379611822053,5584.1968842392,3.0781859224455066,1
21626.66129711014,1347145.129523913,145264.77091925207,165808.45874472774,2.861727094209493,1
5960.8155254586745,1258358.057152256,77093.77016312859,56989.4843156981,1.2833841933735892,1
3716.775148934347,809669.6857361031,46267.83384740781,59621.77037854497,1.2980908065452188,0
1758.3926588863067,132966.16110875728,8728.617699011627,47912.47051377415,2.541309134308702,1
42832.13949405756,1108062.2726182858,199511.13560296292,260987.1060481014,4.385648738955511,1
35800.87200180806,1038229.2617721771,169351.7566207041,78530.93397712066,6.282224558241978,0
816.3169961085266,66030.29607687671,4370.889272060248,26161.9574102577,5.839775014983633,0
13126.435424248277,1097510.3644157534,104915.97281458811,132660.63590691617,2.485129509530543,1
213.89766885959276,5259.76992830307,461.6095716080193,15361.078995857244,2.660409958375874,1
763.5182444586493,46518.81339845203,4115.042523244907,2952.8864197362104,2.0814783121547715,0
420.3395197275167,29068.883707497265,2289.8074917772083,5362.730378204098,4.303955710331279,0
771.7680119898827,114769.33388322858,4177.844627190901,162731.45397007078,1.0973840803072512,1
1277.4273628464769,161375.33888422977,9144.24854784855,22949.60847344116,1.322564337244322,1
191.68455205305514,3079.1013039298114,319.1995469573311,43400.528467291355,2.3011741385316644,1
7446.0876929910955,822684.6297336543,57809.459699112784,31074.32420740297,5.115803181099433,0
247851.28078898924,91864083.01398322,4612478.210973971,806365.9473887472,2.1732057801059366,0
1204.466541835366,203295.3516438583,9195.167520562445,36541.10768563142,1.4340199857101166,0
1645.460599305588,116275.53482998906,9833.33949796352,24351.029599818656,2.091815770796758,1
28408.199477532307,1023953.1239270673,157418.18476319892,108794.46109495127,6.3907965530816675,0
341.29574371293694,11045.36101718726,1012.1464321918323,7273.976561241694,2.949425696735542,1
2182.9913571535285,608503.0813397743,29845.82952739941,41936.46215485985,1.2821258650642375,0
1570.161369128931,908746.9394721503,30222.38349077291,41323.99964243226,2.937528136467128,1
2522.561837357715,155540.99138169334,12595.967440075789,11877.03730457439,4.815795810247103,0
6022.924014165225,1118033.9887498948,68635.66647182647,90993.9173812648,2.8874122986928477,0
7348.851132255314,406001.2315252258,22336.784995691847,93214.37253398375,4.753643909915825,0
59005.0066558464,91718277.81309459,2165089.81935283,297137.5703183311,1.2019600577368905,0
8429.159116658673,863375.35290278,69291.21358360938,55895.283265316044,5.2849418538252815,1
5331.224967532001,793113.4849439895,50341.06959769684,27490.514025797384,1.4400802667689674,0
2943.698115977753,130049.99038831184,13593.824514430626,16124.502616681286,2.821787167233323,1
9888.59414173625,1171215.1809125426,99244.56891677256,78734.81896216833,1.7146488567009197,1
46328.52747438255,1563987.8516152226,203402.3469440826,235270.4893604787,4.832619288570677,0
2313.01350994224,967175.8972188745,38372.019988831315,231251.82773218476,4.231686496469166,1
3382.7417603254735,671678.4945195133,42619.93896638316,60540.70300563409,4.936070923077834,0
9505.962196009483,670734.6718338034,76653.20741534972,10897.561737808632,5.55675442380892,1
843.0387964744239,46690.470119715006,3677.2843820828316,17456.360713539114,3.610320041186323,0
4298.05355725046,299901.6505456414,20328.69371924634,23411.793610390512,1.4635486012855587,0
5209.89937712272,864094.9021953549,56279.618184067454,51827.64521779565,6.55900895918593,0
3175.665826534218,1065046.9473220417,43373.338176069854,123737.46022562405,4.290371815055617,0
6384.97487295977,959658.7935302838,68714.99101377428,96627.60633129331,5.22168699660736,0
16199.524721368083,91764253.96634574,1161817.7192646726,248314.25230507515,13.240747812656465,0
4057.2524211018967,178630.90438107288,13652.607150629832,47849.32916542687,4.399072703404742,1
145342.19449223878,91910849.70230663,3633131.475278386,216024.5557280815,2.0000250003125037,0
20219.38724245619,1072217.3287165246,133746.24539497582,154833.45050703324,0.9008886175450079,1
759.6665764341865,16278.820596099706,2151.723879527581,5501.620487989398,1.837287261474987,1
7622.236010168538,1206811.5014367406,73881.06963920828,64690.57496867153,5.268118027925757,0
6866.284596417533,854358.8239141678,57955.890325488275,88473.36852518847,0.8677129768776201,1
940.815188480216,533127.5644721439,18586.48752376313,31677.784832413978,4.542694706629133,1
2049.947311315344,156012.81998605115,11269.483511846982,24316.464246548174,2.4150832929294777,0
1392.480418358779,927696.609889246,21135.253834530984,92581.37155436628,19.14268852991702,0
3666.4874809011208,848477.4599245402,42378.777638976906,65530.42834915433,1.4641288433382136,0
2367.366259808591,413052.0548308651,28624.759135001495,21205.196792689225,1.3051012161027475,1
363.6693892513267,33286.63395418648,2000.9870591643078,8941.526862042641,1.6537303431597847,1
2046.458477224109,87367.04184073076,8240.734705519997,9028.32301195865,3.3472338059419577,0
613.6326695274607,33060.55050963308,2043.4264300165876,23582.83878324659,3.1195945282463047,1
215.2355008913077,2688.544359359885,338.0699124360244,20195.911688329143,5.5976754283424075,1
3339.5960314943013,974032.853655358,49855.05783185991,59704.730699132306,4.369522656669775,0
1411.4861762841624,105304.32089900205,10094.903105618332,5686.271089638158,4.525573281419867,0
1885.4103092620921,461307.9231923076,19577.09253892871,6939.684235294108,14.615046378693021,0
978.289040583584,384480.1685392889,11406.406112038589,47151.695785808784,4.323281160933197,0
1665.3181885073805,109658.56099730653,7707.786939972557,37835.960777723274,1.6092518011474877,1
712.9707279010165,48166.37831516918,3167.1491680460276,34953.131830745,5.2327123370153465,0
487.80657089392713,38078.86552931954,2072.420979905684,17751.779991116742,4.683498809480847,0
13233.507339308459,1725401.4025727462,140158.68366405246,33248.27748691708,3.2056725543478266,1
4234.105937984951,1038599.0564216782,60159.38546869253,84348.6620403822,3.8048217998805267,0
903.1998983733015,157280.0050864699,4204.968979668984,69502.64306456111,13.963697911616139,0
1117.6255984356594,200009.9997500125,12170.541431072315,9325.66957389089,3.2815198618307426,1
16338.464440524385,837021.505100078,109862.7828691384,39551.485083625346,3.840544062691488,1
15723.034699145483,1077267.376281302,97692.23491515426,64052.27047167646,4.765138940846175,0
4112.143179577364,655463.9578191923,44771.39139260764,58103.85223804992,4.796007373261482,1
212.8997247968273,5280.452141336441,453.6919294311475,9933.302408164916,1.0604509403974203,0
1559.3439099498812,616750.3546816978,22564.11502695401,46931.57240040216,26.08388899648618,1
1050.3605092831374,159201.13064925134,5593.483363082824,49378.234132012665,4.966266866566716,0
40632.439023054576,1123196.3319028423,204296.87357745887,53552.9865341143,6.792240279607745,0
453.54717802302366,7000.0,1007.2130640164861,8638.306687268112,5.55675442380892,1
369.03230323971866,26076.809620810596,1411.4131961986236,37142.13804854462,1.6137080629429508,1
736.7714861619603,36000.0,3383.0655573896115,10300.87943229978,4.831725855299415,0
241.94272735019078,6661.307669421177,615.4973681980384,11813.286227854034,3.2889314505051144,1
240.48423750729853,6086.194286991586,451.8550379935999,30143.824720411336,3.660913140311804,1
26874.932738462336,5721333.05734293,171795.9516132344,298091.31133427686,0.8849476589772157,1
1321.7239761640508,843754.7036905928,23010.237658948594,48329.90733502492,4.405463891317423,0
17253.039610705193,2047868.4039752162,133973.4910753361,71366.6219816887,4.341108086233537,0
4777.476533980037,1261442.0319618336,67822.01961300723,101785.01007212995,2.233228850126417,1
9275.199415134288,1070339.1985721162,85116.12791299565,55937.83540313495,2.6899757416408847,0
609.3112075628874,112008.9282155668,4602.424273948489,27836.375422988596,2.5194818424135415,0
23003.486882095054,705904.3844601052,116816.09173745055,73620.23462813543,1.5815582592058264,1
8987.880429837245,866972.8946166656,71922.07709116358,120216.27284253392,0.5286523162004164,0
2248.9139258058785,293293.3684896404,13004.10558985143,62554.56920962782,5.226789510985117,1
577.5297338994538,51009.8029794274,2952.875618592072,23448.673792541722,2.415954415954416,0
740.2414242498273,51623.63799656123,2431.9128812508984,118584.51428053732,1.588279640955794,0
12265.364178099067,838387.1420769762,75869.52417836536,79090.20193486437,5.591523200865999,1
9824.055445465063,1398389.43073809,78807.66324216095,58931.483379290396,1.0951137174032557,1
1757.4907373621213,58034.47251418763,3572.1620574010326,28870.15912695098,11.050377023845332,0
12240.192376396286,687563.8152200857,72002.40328456204,28196.203459870514,3.0525867338433326,0
14429.628836690345,1557667.807974473,118015.78187767547,109501.96620893458,3.8938583234625384,0
1052.5888313839741,85755.46629807338,3558.2921016257055,24261.2924407633,22.227163945189233,0
2765.4549193316334,718199.1367301969,29359.4436624236,52733.445660631434,0.4305104166180355,1
10202.686601710519,845165.0726337429,85200.9782933921,32538.501751196854,6.345876957534173,0
3192.9253977485105,772209.8160474263,42574.27407480574,35652.55411140389,3.6821791402333526,0
7636.663965717547,1077972.6341609976,59127.51942196542,107864.07635572602,2.2735273184521567,1
1353.819273543008,665072.9283319237,20341.52275143153,78277.53427783775,9.68091947249118,0
716.1755658948018,401220.63755494927,5748.239659225026,56202.73748967613,18.56622698543556,1
1193.9711731460893,56435.80423808985,5914.534231638499,6037.115306790682,2.372060159487184,1
278.0560658189281,3499.3716992400473,525.387477574669,8363.028146550783,4.638218923933209,1
221.07412672153373,5000.0,466.14172564738635,4814.153488179077,5.7242766813565815,0
18194.532288343475,1249499.89995998,81200.45512106126,89627.27791932735,3.163175125827095,1
13661.069809272381,1156775.2590715277,103364.3726526609,51424.788087648456,3.074573724439799,1
104850.02648816258,91577493.6761211,2790228.859733576,274966.757978775,3.69291637717716,1
1178.715864105192,134082.06442324788,6054.526311723174,55120.58197739368,2.3917693920463017,0
15699.22676416309,884375.4858655909,106180.65643255562,127215.17656455559,0.8065044338192238,1
218.22584066941204,2449.421016688337,388.7780222812396,4271.137787965907,4.272888760862259,1
25786.949557699474,6095661.200902358,192370.6949659112,491713.29522190505,1.444381550953487,1
994.3261769499953,333178.6307673408,9547.647079694869,64876.026202715264,2.056211959416311,1
576.3252284521267,49030.60268852505,3369.3531031874636,6707.225511026859,5.808681159775495,0
328.9987850122772,29000.0,1559.0883288128073,19414.74645331198,3.4380480897647003,0
3739.84759996362,1217115.0315397473,57327.72243861933,81516.6965712067,4.630733652401049,0
18200.733009985353,92233766.4524224,1229545.682512514,221100.69393744975,9.93686812944241,0
872.1068649050146,256415.6781478075,6876.139721747408,99218.0512015116,2.2758117293116222,1
9927.72772378153,444370.3410444941,61914.84701078356,33706.51075024378,3.4575688073394493,1
9480.558745928227,1208550.3713126732,53867.621483959534,75481.36605046493,2.6042072761863175,0
1228.7355878885223,516404.87991497526,22086.15570145758,31158.57561761797,3.2503609861607115,1
295.07400568437635,37656.340767525464,1569.2923277899538,15052.694213598905,4.824068059758242,1
3179.060818531429,1184027.8712935774,54326.41450780339,48672.56930179153,4.990397738519827,0
1220.4085090078283,113437.20729989785,6375.163911773454,16632.282784960895,5.575912783279526,1
6110.424259683879,242297.33799610758,22587.94910961677,14987.648256499837,0.6567338113653926,1
52990.311702149746,91876091.03569873,2157328.014314674,268604.0249910652,1.5836003949398119,1
309.01752010646345,141890.8030846256,4234.446221615991,22485.683683655487,5.492769473812128,1
900.242267214104,272209.47815974377,5566.870937096964,42774.59265304537,11.054854504314124,0
267.3057372025201,3954.383875916659,537.577079407571,11742.164992278977,5.239286831404442,1
5497.233084908659,1114075.8502005148,63953.69461393336,96835.37362697406,3.450397247207605,0
1939.0792082632909,601751.6098856737,17388.27597127545,81271.37948388822,6.1363664089853645,0
3544.7691811389286,388417.30136542575,30164.98890947965,24802.936315632036,0.9837308125455244,1
2990.522898140803,595214.2471413129,39778.386414926696,19045.124379576424,2.5290615253756736,1
2931.8614696050727,120266.37102698327,10183.03860141787,39695.86506880623,1.5761382225459406,0
2140.450286700448,521952.10508244904,26336.398080005234,31682.641271994078,13.920785782425893,0
40664.426078157245,5733979.426754397,235038.753286689,317216.38240492664,1.9209878273723244,1
695.7123281775871,181648.0112745526,5314.668381953757,62719.29404366627,1.7789025821596243,1
7149.027040893047,1420641.0524829978,69282.01360264198,25528.144983726324,1.4271754782966466,1
8475.151965408104,750536.4747965283,66582.41340453601,83203.07159881658,4.651151386763956,0
7301.142057097849,949427.1957343543,53215.4646905054,101845.8023786952,0.722575032174147,1
64934.43878256908,1422705.16973827,247257.9527405452,56695.85684241376,7.0144955515871095,0
2844.2499465305955,718000.6963784924,42975.968183938516,7558.443260643246,3.587363223740887,0
21930.70635101243,653205.1745049177,66032.87112268066,55250.427330568644,0.8021213350694238,1
10378.526388026856,827314.9339882606,67222.76766463173,98125.85504872532,3.7346851269716828,0
11644.789008003205,1138389.2128793208,92780.4566700082,58904.03328938031,2.9194000885945113,1
99589.7418982987,91860964.35918796,3015466.382288251,223734.28037120492,2.762406270185956,1
592.885514618925,17088.00749063506,1409.0678445937,55956.2621175411,3.8628823561485257,0
455.34030278707263,48373.5464897913,1985.7777708959322,62700.90300699758,3.2249515568909675,0
2180.3759992549917,495768.0909457566,20360.8566971695,64653.97730079551,3.8835742738673757,0
4749.16924999814,691755.014437915,47565.94551444703,83935.10744535911,2.8750700685315445,0
22558.472228781873,584490.3763108508,97982.31242074967,26420.040889555716,7.627842902151869,0
6787.079867289057,844428.8010246927,67541.60653040226,66303.60384669798,0.6245906228052737,1
23486.34820641522,1098039.1614145644,138764.62493674117,190446.04851578845,3.467244024711853,1
877.3231512956205,188472.80971004808,8459.264616342893,19415.233833452337,3.3895385675354794,1
7442.813110925295,841249.6656760109,61422.34071340458,119612.02513250534,1.8185648861733628,0
291.300447451135,3440.1223154599647,475.88208170076615,21083.23827759756,4.665708487111522,0
3836.1870820875174,175231.275747225,14650.269116421901,15106.731421384158,4.9818809198811,0
349.09784071533335,18788.294228055936,1034.3212924220818,46876.50090914003,1.1066548863226775,1
256.2624230497736,10440.306508910551,754.9158779323096,10027.312937046283,3.1333228889237033,0
2456.9530979302103,777800.1028541974,29231.196759712293,45062.63003223673,0.9296198312475089,1
2711.712484076618,974060.059749911,29709.873246883963,90824.73955153878,3.361344537815126,1
1063.554938987728,46097.722286464435,4779.90683670429,7486.221671781734,3.7289329966472953,0
1356.1181219728103,585003.4187934289,7277.16269639242,38224.030879948186,10.16374383665106,0
583.4179764573944,11704.699910719626,1290.7291103465736,29900.415418066445,2.5018490848891295,1
7256.160015196803,979919.3844393527,45642.81767860656,102411.20077914509,2.7891900562677954,1
22409.860165359016,6100340.550426574,180982.0563188721,259988.48835375486,1.0464332151373055,1
488.95189008657553,65192.02405202648,2810.86527984832,24730.59571937943,4.960114879685925,0
1721.0787204015567,997024.5734183284,37275.26006539533,42412.1487845105,1.9680500658761528,1
7750.933195027759,1252485.5288585175,80383.15777564913,99508.83311801373,0.5986079040631066,0
4634.04752624172,1025219.9763953099,57675.9750680558,95354.68191512191,2.6686584499239707,1
2696.004624100483,695091.3609015724,35223.980773840995,48822.6098833195,26.20371162233815,0
394.97123115909784,102303.47012687303,3720.6778443812955,22916.927473559466,1.1768927373757212,1
4938.925578490188,1194121.015642887,44000.92648693862,82554.49792319853,4.526454912748216,0
3531.307122219329,565254.8097982006,42793.44363703858,45763.95082936822,3.769353919031536,1
1817.0768109207052,794400.402819636,29519.076697073033,63922.01364430248,4.203396611167755,1
2020.9455749795745,78746.42849044013,6727.494939689471,12095.696707246438,1.7195675525832497,1
60917.29967888827,90775033.32965513,2335245.8006953225,267514.1549147577,1.4561357184020478,1
4687.014817456904,166000.0,14576.779662340692,29110.84749961215,3.553593302015049,0
917.2972523153577,214189.16872708572,7895.547948451859,36585.67235004941,3.0644130388466726,1
15988.190542732575,1196204.8319581393,126971.91782016763,89248.73981485516,4.168273143983207,0
969.2085880626523,376724.03692889045,15244.953544693544,30418.868307304227,4.916377683157017,0
980.6494349983546,53600.373133029585,3348.0208625446157,14511.618136873596,31.240011439582858,0
772.4895904094523,59933.29625508679,3085.6601119176703,74095.39860605053,2.1136027484389706,0
809.5837877636956,360312.3644839294,10487.904821749764,36047.64003303631,4.477869195566452,0
1272.417755450493,457231.88865169935,15898.274671407698,36694.43560941526,4.015531271091967,1
1960.4269788978474,599092.6472591697,27993.521681348502,38303.492081740726,6.0207359532190745,0
3876.892063077226,672461.8948312239,37078.34396434164,44292.220280436755,4.374556632773705,0
3616.563453690123,190234.06634985228,15438.909707485576,31229.001771567175,7.073552961729167,1
480.40068085077525,34481.87929913333,2881.1190322988346,3891.216770961369,0.9265899585573121,1
279.12824256363854,38948.6841883009,2152.1860274170913,8369.501554092374,4.428709795932,0
35887.88565439303,866766.4045173879,164545.12084141813,41400.04318138494,0.3780499046589213,1
4191.654488927481,658426.1537940302,38880.52816420797,34373.57099381709,7.214142674239191,0
7111.149996240801,6115712.13038378,141228.80529400017,289912.0698327825,1.4437616795365449,0
13874.528869468006,1385303.5768379434,122650.45849765904,96622.95475403845,3.3974636334273853,0
645.5206551813951,127035.42812932147,4352.549217654182,67848.73486807174,5.150564462340357,1
1256.9742979155653,130230.56476879765,5351.853345396778,31257.156690485095,16.444470169075135,0
12561.750636139037,833202.2563579626,73429.35449927098,38416.02155573498,4.705924032097118,0
1106.5300648060272,94339.81132056603,5232.448088169368,12879.930178632241,27.73532873136862,0
701.991881608781,31400.636936215164,2469.064310870546,35729.25315739013,0.3521904716071042,1
15636.350606520733,1165710.512949077,120706.13930438807,127350.1248552468,4.8957321174975705,0
1820.8500902950038,569256.532681005,11470.54817885044,35318.552409001524,17.480167348711735,0
2663.202673338741,157114.60785044782,8530.584260651332,38073.01818846022,3.194097259959666,0
8407.919809344152,1127741.5484054845,92334.77604604364,64491.55190890103,3.1217325012731,1
4429.0331224276215,838332.254905459,36808.88627420805,234590.78121118297,0.6887081192989923,1
8135.116188983017,1014215.4603436096,43180.22217687785,35371.00217083472,5.210298610070143,0
2985.353721138578,851847.9911345686,41103.74658022976,26952.744296580393,3.37632877001398,0
5112.423089005406,1386159.081779577,72863.53810493305,84729.11950285583,1.4519056261343015,1
12466.227381868519,2949715.3331015725,127029.11832139219,253584.32217233907,0.8961660455568314,1
3413.709911371859,137244.3077143821,11302.389189445492,39071.722250271516,3.9136034875656396,1
9010.325265133884,889957.8641711079,70203.4754024307,41887.09513844113,1.089084963658451,1
225.28760662671147,1741.3048127006055,308.513924548939,5425.01416392138,4.724028827561962,1
4650.5844488725315,1189654.1514238496,66838.29268065619,77861.50946648164,3.147714720490657,1
9195.11860153737,774113.6867411659,61748.75394993556,83505.55557883576,4.621403515394342,1
1959.7947712679318,470536.92735002213,13113.426259874057,21336.855976162038,18.189191624861067,0
826.0532995363861,31000.0,2713.6709096378745,40706.60124141812,0.6050609022610549,1
810.3714939001995,382011.77992308035,11510.930201463641,42009.556285267325,3.298972066444153,1
545.071099337661,42720.01872658765,2644.8151705908085,17566.938988329257,1.874464082742301,1
4394.591868399965,934409.9742618334,56068.344979442714,79732.48991698667,1.879934358645947,0
583.0016479376519,36674.241641784494,2163.78934193764,63703.27033180022,1.3141207137809519,1
1130.7180778949235,504706.8456044558,16149.927279342903,59267.7042023411,14.552687920070724,0
7367.874282326106,653385.7972132544,59779.61929408942,28757.83795685303,3.5451493070438636,1
3963.301801803986,208865.9857420542,17899.60158666365,44196.0526128498,4.233199489525944,1
465.8918801359698,61611.68720299745,3016.291476439926,15420.86205086207,5.185832031130312,0
2447.0408918855424,785012.1018175452,31407.642791935563,109367.02637882196,2.812827677780511,1
44991.25664614748,1258764.473600999,195392.62025652832,163848.18009782865,5.569616500591053,0
4204.333256640613,951302.7909135976,55835.69342671697,34076.989196099894,2.1047574069170354,1
1453.6729222698525,187109.5935541521,12099.258330235341,12665.635374492826,2.8956878942288267,1
9596.430856067329,836569.1842280589,54496.15754373728,48444.392579977764,5.73756290568881,0
12094.651522118107,5734995.921679908,177554.8207642497,267598.32088414114,2.6319312200156317,1
23940.16258191771,1212125.818551853,135510.85184316678,173631.1160142681,1.5754728339810278,1
6983.261579580524,1262364.8442506627,62318.44974219323,108174.50822684822,5.415358861686545,0
228.70252447856572,4452.225741085223,455.43817085737487,39725.71278827596,4.876839679126482,1
8212.494633093555,750179.9784051824,69045.2471161247,53900.00138662128,0.7174926353916851,1
676.6182526530058,63694.58375717671,3679.98503247999,24803.935428974975,6.500807490245212,0
2025.808960427173,42544.0947723653,3853.354327110529,34618.16091642626,21.722761627084097,0
1309.2297835016361,485489.4437575342,18415.74668447194,30786.47570849686,2.774087565173916,1
536.2707148006788,25019.992006393608,1624.2280767966079,28336.284986558567,4.291329590941328,0
1597.0541682376581,639941.4035675455,28601.85095663403,14451.522145348767,4.810456514239718,0
11190.515242827407,822192.1916437786,81340.73571912831,52742.19878691678,5.879723336354945,0
4946.91912932387,1742777.3810788342,62695.82236129096,73300.48316943775,4.623431023368016,0
8773.588090865564,1387130.1308817423,67651.06907886371,124446.06348036863,2.884852111572745,0
424.89175803393385,38000.0,2433.2014480309103,8761.198911136427,3.948570682678502,0
13802.213861273243,1760114.2008403884,106827.7132990532,35331.949510268125,3.0863345752265308,1
4531.696723389454,5733711.801220122,153124.01422150154,249472.5785358388,3.7216167000249523,1
1129.1077480053057,905719.6034093554,21363.143214001393,79263.31286749568,5.574393674446894,0
445.4230595982244,22472.20505424423,1730.0565811324198,14572.811858707224,2.655300985811511,1
935.5836830513011,31000.0,3420.5344095604983,3306.8763558136498,2.696636219097796,1
15185.824303660005,1174410.4904163622,107520.4062161027,85167.44569941948,2.453994328387104,0
267.3608862856953,6082.76253029822,752.8945729527609,3232.5285451968625,3.4536117153763173,0
12895.139141987784,630365.7668370007,67759.09987214758,55843.29828452575,7.191203256054508,0
7200.030103555261,6126730.861112859,192735.53295084514,222877.96627112594,2.2958558799296322,1
22766.78125927641,971092.6835271697,138482.76255695536,66579.26544773031,5.31582421562385,0
2052.2890152660657,78790.86241436884,6742.896148201315,8191.750341207777,10.572089683236257,0
702.6950674108012,391724.39290909626,14160.024959751852,17444.98055228595,5.350361236807688,1
2756.480913175409,799619.9097071057,42907.65896605286,46116.38343516177,2.746159937814531,1
41821.890951634035,1168460.5256490267,195198.29636056782,211440.25936403425,7.503809305140996,0
11447.871065755719,1081133.6642617323,90193.06149115553,185565.96744455915,19.662524821271163,0
5779.467847390799,197144.61696937098,19086.3566695685,28702.84688569767,3.46843853820598,1
1396.3678319291955,900062.7755884586,18405.782355502466,59283.645808053494,17.22902786732574,0
32377.791855265074,1337431.119721685,159149.96903025103,66624.16949239728,4.393101204035145,1
233.2701159060952,3732.4005552125864,394.2146167511574,21337.050764840296,1.8223758399440322,1
4591.311784625612,1279249.780144597,45143.67589885328,58702.88827964664,3.0874199120723222,0
901.3148781009317,83000.0,4881.748444707365,37085.51726957766,5.35629534205709,0
4373.992743217325,1557827.0122192644,76225.82176952611,82310.00680380713,3.041671630759056,1
1866.2416841628874,211605.7655169159,11469.158850973394,36096.17589387707,5.086290368513983,1
1357.9526650538055,291194.0933466886,11554.304128622749,64946.15822210999,2.960336945960767,0
7482.755222211239,1146825.1828417443,82252.94398641709,44312.51734318904,1.047538075594882,1
1299.0450443583281,367967.38985948195,16838.662774062162,33589.23812684551,2.8861409425402824,0
22720.327282052767,1521329.0242416332,137790.1605944046,123162.63945999357,2.697601141464285,1
9614.389033216861,1255646.4470542653,90547.62779083787,50388.932245648924,3.43684102644739,0
13169.798740087152,1072030.7831401112,105673.74929248575,62121.05043578069,0.6866563738941565,0
724.3425726492889,18973.665961010276,1994.3865068883695,15842.530234544254,0.0810287006965161,1
4916.760660368464,702097.5715668015,45601.38264920932,58305.85853133902,4.65432838360457,1
3779.206885677181,1195336.3543371381,56139.733434931884,20758.639229089404,2.7533006616319455,0
12905.60584195878,1008845.379629604,103335.20854662475,81513.27365039672,0.396759556494954,1
713.8942873987368,109859.00054160332,3945.756647487403,55472.84887827533,4.631463481519852,1
5939.493496398355,1023125.114538784,66444.38824892176,61033.65980521363,1.8792716338783222,0
305.6073276583718,29732.137494637012,1846.8816724007665,6075.115114505633,4.988935300972908,1
10326.3417972424,1239811.6792481025,96212.8989314807,132014.17926108823,2.1303159503670264,0
8744.175167968044,847549.4085892574,76807.6336799711,71724.71894464921,2.837888100040471,0
28741.59938006644,1122252.1998196305,141920.66654279624,81491.05793352587,1.86000372000744,1
17830.49159445903,1388282.3920226027,137294.48488480615,51328.18931768385,3.344911341197536,0
2894.8702590673292,1317819.4109968178,52340.43676058714,25622.870649283723,3.1593393031682253,0
1939.5585594417794,257029.1812226775,13533.484353247124,77705.45994072074,2.4182412764372887,1
1594.1395935411947,91000.0,6646.903294884303,34122.78521720871,2.937171756467613,0
920.5201475201636,133521.53384379612,6958.436171793139,23109.08759124546,5.776990158091291,0
2686.6321678030845,423539.8446427443,29242.348293091865,47612.014816466246,3.3271161336332216,1
27699.31132782087,1135456.2959444982,147991.589090493,64394.69327363726,3.1034222121442516,1
29811.48828805997,91659456.62068917,1479282.9588928958,271662.9880367491,5.140109434587962,0
7240.646426263496,1007119.6552545283,80174.80281348893,91880.97121476762,4.231384047254729,1
11436.915135185576,1202629.2030380769,99912.25093086674,108899.45370477994,2.847868991502063,0
2153.6675640675194,47434.164902525685,3952.2778183476557,50614.28517230896,26.404167052180675,0
283.58788894919593,17351.630650447998,834.028852220282,41799.40418183965,2.846012226256955,1
140920.53729756328,92243554.79923786,3592666.630875252,407291.2532722383,0.9406047724443511,1
6535.135935272396,1580762.1579478679,92977.86027695704,49099.16393399627,2.6215488173204315,0
2156.206916984799,569775.3943441221,26711.882246185844,34194.69296363919,14.619904436460493,0
4854.172943258522,5698661.971521121,155338.9468010026,220457.28632826224,3.34548744448007,1
219.0407264321332,41231.056256176606,1440.4159794610898,14889.903838895163,3.7444019661387222,0
6384.197336319352,5703348.82438832,158771.41095725025,259211.69910925944,1.306744448596028,1
1233.229085253683,223573.25421436256,9635.63112061816,43698.4589818571,3.8162764808097576,1
954.0089744864567,98351.41076771599,6489.1886054815695,11386.29883427816,1.2883961990983883,1
1074.5098278541109,61522.3536610881,4768.11783439506,23919.6396569489,2.788183869051502,0
13005.308303187085,659821.9456792871,54724.579211370205,53832.47629932695,5.739965759939129,0
4626.307960851685,570656.639320003,35621.54565251189,38657.56288183802,1.919106036681647,0
689.8808407481011,555828.2108709489,15117.088719949432,44270.14438293742,4.921016233529882,0
12068.167090494606,965478.6377750675,100755.39201318625,40864.275109333714,1.2389618706004093,1
1839.964002298533,110163.51483136328,10347.139887325333,13216.001369499885,0.14215717044460116,1
918.9221800362226,153525.24222420235,6301.638731950267,24437.564944796402,0.24089256009555507,0
908.3026000148515,164012.19466856724,3674.581241849982,71243.43461716696,18.98407188419108,0
602.9766907236741,79158.0697086532,3612.669731923133,35014.4536997785,1.5529226167978571,1
5213.549155833221,110494.3437466371,15654.500381481068,12161.968516852186,3.774820407141344,1
38056.78904845355,926743.2222573846,176911.7380406106,121021.93369812524,1.7454726335361477,1
13939.513144739247,1490290.240188132,97126.53162523285,75108.11408606853,1.6100762491425538,1
585.4825080005496,137295.3021774598,4920.488567801242,35665.32046082665,2.1558260044039503,0
3534.184941865197,811178.15552442,43976.56708127029,39615.515396590665,2.7861562687129897,1
2614.5520581956216,235614.09125941512,15257.117741529886,25237.33230494352,2.0230875728799016,1
775.5870644863387,41109.60958218893,3037.8980671387076,14602.428175045792,4.617890201414229,1
8599.958891352742,652694.4154809355,69685.30005595495,82321.97294315085,5.15630787357713,0
3487.1919626081494,726058.5375849525,43805.51470332134,34200.10591718014,3.794199186834129,0
40146.45932366114,6101494.375059775,458865.2649087595,199630.22652661856,1.9954326763186487,1
75002.64605705558,1939406.480499821,260558.6096164307,316500.4265781365,0.4592549251226796,1
2949.694292437045,303014.851121195,19833.807999787383,42390.25264032601,3.602062180598393,0
4794.136463347958,639413.7940332536,52413.93793218256,39790.58056922937,2.217140157615581,1
15482.41911877449,820256.0575820212,97978.9500200869,132407.74010866482,1.6426875161158285,0
495.090724344669,48166.37831516918,2092.1170766904083,58290.81541269686,2.531447028376646,1
15987.011975387244,1131156.0458221491,88351.85625032787,89377.4216055605,4.980468434991016,1
483.7246470074366,69065.18659932802,2818.5254305170865,52007.707981440944,3.871430621323001,0
31602.676869990562,1522084.0975452047,210890.65582115526,136397.55768528182,4.996010130798321,0
908.4115385588509,94556.86120002081,5791.801146328798,16506.851716165755,2.642584677604669,0
2183.405168400444,384532.1833084976,14686.361707704433,19131.751283626207,23.26600824903861,0
645.6785622556197,92913.93867445293,3958.610463529067,56864.92907720464,2.2511336209558124,0
1849.022898126495,959796.3325622785,35390.27500318348,86984.85308632016,2.111917649197891,1
659.7232472300511,133221.61986704712,4496.474163481764,51630.7059561006,3.17055332234707,0
1825.9287138681834,1072919.3818735871,31519.857115556017,77605.32748974988,1.4903889181690715,1
1858.9172210500228,128565.15857727552,8269.223392993996,37287.2044387137,4.1927666389944065,1
7847.686401649049,1129389.2154611712,86342.35428157615,49183.839133603135,1.1761612269805382,0
2404.7254217085465,104403.0650891055,10294.49001043663,20244.94399594817,4.592832980391078,0
3462.4865123318714,649849.9826883124,38140.851537811905,43135.05409991106,3.7149637611442494,1
1148.2405835400177,164012.19466856724,10517.081307904764,12653.989004075458,2.6162572510026663,1
57861.88912194391,5735084.084227663,225422.7359493077,359255.0401983332,3.4265749324375245,1
1051.9692828207853,85005.88214941364,5778.461810398641,14880.111693270877,5.245944818806382,1
41761.85084625753,1575376.780329074,136065.58634903177,153989.16447413553,3.2875302121564762,1
23335.54366112341,1399178.3303067554,142332.23385533868,212830.8532324633,4.1799695615588615,1
7273.5698619928235,645316.9763767261,34632.153763856135,31933.032636736883,7.355111297513088,0
91706.79739539561,91306633.3242005,2633042.7149544214,814566.2258845672,4.616982064653075,1
2513.2590690139323,372667.4120445736,18355.851353825514,50180.7640305398,4.382076970680226,1
7739.38466140982,6123182.9866817435,202440.46218866718,225235.10848043708,0.44401530456223315,1
1269.3485768494404,99503.76877284599,5340.3790135616055,54992.76937161396,2.0732801298053647,0
20793.584507501168,937909.3772854604,125804.3403501525,70416.33871813164,4.821802935010482,1
13294.44437879908,1384174.8444470444,119943.14773682051,111835.0281881406,2.2742582859373153,0
334.5469724520845,124579.29201917948,3880.855621310611,24623.95142894329,4.70985394007868,1
12705.16023489063,92079726.55259137,979896.859258912,237531.9146847137,21.90619356631144,0
662.586745692958,33060.55050963308,3004.8201335273784,9464.981344160093,3.389761078172796,0
1338.1133332902307,509372.16256878426,13715.629657563564,47259.764975544764,2.1733803211351757,1
5353.913224277121,759275.9709091287,55888.491768147054,50379.5851408842,1.3741622660963342,1
29326.16439779764,1210539.1360877187,161439.54730944926,71231.42972231159,2.1867381311298457,0
453.4145251793443,18788.294228055936,1766.9848323476076,4843.803175572475,4.640004218161187,1
5687.867557884249,771438.2671348369,61576.771993709444,84407.48314348322,2.8509751551197104,0
12521.592960259346,1231839.6811273778,108652.80720978836,56006.65437070325,2.0402621340324854,1
6844.709637503768,1067948.5006309994,51936.320148067236,34286.55357624855,4.452121796309464,1
3114.810485665373,824662.3551490634,48224.137923543996,23678.664906941456,2.1898444973239624,0
3131.065824785095,774516.6234497488,37434.638452899526,31190.811584468167,1.7135452179593815,1
8034.33829654109,961986.4863915709,73304.71441772886,119572.1304217385,2.4475628207790665,0
1926.077572134364,898671.2413335592,36412.69883706439,73937.56275390071,0.4236774787395369,1
3626.117913900146,829704.7667694817,48805.646887490744,22210.037363835272,4.3310154657714905,1
7979.598833281152,824000.606795893,60304.395951195766,11251.687385545112,2.880065830080348,1
874.509778787682,333685.48065506236,11875.341639646096,34687.10133709271,2.5637473598715657,1
285.502090622576,30610.455730027934,1424.969891242852,18541.60321893772,1.6649090133955617,1
8427.418297311406,1034278.4924767604,80319.1269417958,47532.46145593791,0.10651786627975318,1
55848.62326145383,1047389.1349446012,203228.5324147412,137901.19414296697,2.212960674828058,1
308.3412696094106,36674.241641784494,1626.0805835150645,17562.066949776054,2.245058191782204,0
1296.1517249806977,121564.79753612884,7398.285730950047,40387.93745466317,3.432993061357939,0
312.1344901889193,4535.926377589765,552.3147997344483,14161.56109226014,1.2574947944105765,1
1015.1327944273829,72339.4774656273,4994.626289482752,18852.925289025137,1.4087577098201312,1
10807.026031733456,556288.5941667329,56570.14597953804,29832.95007131656,4.03722422947787,0
1672.8243038405058,37054.01462729781,3098.234466677197,16847.653102819782,17.69978072732333,0
1501.2306714060296,23194.827009486402,2370.951851274144,8528.353241926052,16.78270428728472,0
349.288165120506,11000.0,723.4113683501673,56131.37240476196,1.2034202645039889,1
15239.889515187884,865325.9501482664,94965.84871657749,95192.28375392826,3.697836579779895,1
720.5898412113916,563490.0176578108,8008.777021200723,47960.331759621324,14.648418213468531,0
8856.373342004315,744507.8911603288,60911.982603672004,60481.80555573283,2.941357802690122,1
566.4842395525817,45541.190146942805,3080.6150574851317,12663.999704404367,3.566454039763301,1
3012.446723142271,2051579.8790200688,57810.1947585674,107393.930892641,0.738091243514901,0
7701.60783321288,1092648.6168938302,83590.85108302091,56167.28642195293,4.011949383724801,0
31316.173512661164,721709.775463794,132817.9890585233,89580.98674777136,3.3163521672245455,1
330.7731292660497,51312.76644266999,1404.5929867803081,55217.584074761704,2.0633890808102215,1
1458.3290147172384,492036.5840057017,23844.803434406436,50325.786782834286,3.452077166479534,1
12088.727407840663,1166739.9024632697,108709.22540901427,69798.81519898628,3.867522760731775,0
2043.334433812889,830783.9671057693,34051.15642609357,84097.5717754299,3.103512174283285,0
20256.47152854219,1405663.1886764339,135446.7149237713,241382.2467754762,2.7270986511722715,0
2036.1841164873654,829004.2219434108,37194.597453701914,28236.57011550205,3.307053652410521,0
267.1818801989882,5351.582764503413,724.8841199164975,4297.717551513464,2.6255132725801777,1
16236.220110427364,1098513.996269506,117347.04832265542,167160.53091881814,5.607963307897214,0
8063.019412694673,1464912.966698022,100176.92383235991,73084.05439676606,0.6831121562067518,1
673.9875423048086,151716.84151734773,6201.540106345602,27930.62377510387,1.292698048510972,0
950.2565615774499,111606.45142642964,6852.524730383753,13131.84671771117,2.6482430618734067,1
628.3835875403096,102956.30140987001,3163.4830861991622,86414.57207168647,3.2370848808966244,0
2246.337865633245,23086.79276123039,4014.9930024048076,4195.167039518647,44.25342247711945,0
46573.18526077203,1062167.5950620975,196004.26400553662,61460.66694379387,5.646404760353552,1
5270.108766403029,589498.9397785207,42953.37325951021,40883.022001940495,4.9832951409166775,1
51537.749215092954,1066947.9837367893,190281.90985481523,211437.3990517305,2.860956584135116,0
28195.133317864766,783962.3715459817,134442.993877337,164218.67562150583,4.6449269094369,0
273.98253312459997,31000.0,1549.3422599964244,18062.61654804655,1.4561888936963927,0
1066.1446020723354,144585.6147754679,8486.441994787629,14166.196402298367,2.077515615093016,1
12856.217230305501,777735.8163283982,81982.69210704805,27051.69084409815,4.168730394584778,0
2136.501710967504,252174.5427278495,10493.322721664019,75182.13986593214,4.412530245381365,0
1284.463443618852,222272.35545609356,6328.037547972192,22293.7194059464,22.240999486978303,0
18453.4206476201,653893.7222515597,98511.40912824291,84078.84801283827,0.9604330680015716,1
473.26026119965326,18788.294228055936,1635.6920418476202,6495.179370603248,3.9595458448621317,0
570.8667127359134,28160.255680657447,1996.7450040817462,21712.77557282226,2.3632414670102744,1
1386.470470425044,144958.6147836685,7005.792999713518,33528.46068905264,4.308240028536895,1
48979.46979283322,924400.3461704241,199797.399764654,52598.19180465092,8.381186311268328,1
35978.50357148146,942473.8723168934,153243.31786036777,281236.1228555344,7.608800341226488,0
861.3574497346777,310909.95481007034,9695.022582502317,52579.74361561462,1.4263735154405401,1
16859.646132359314,5693273.805546398,188773.7797243634,286094.08704774023,0.8673700646258111,1
420602.2679411217,91136667.09947209,6178658.343289915,388576.555677364,2.9469281329784347,1
6744.799196108838,753058.4306678998,64561.59551375011,83866.6683725402,3.275847654082648,0
130.2012293522101,2502.8112194030805,296.3901480824794,4199.508683375501,3.4856938747859934,1
785.0990571347334,60141.499815019575,4409.165302350547,24588.46189881816,4.016248069111505,1
365.487065569971,4664.530913605327,768.184928084778,10260.274292351703,5.565701365324015,1
14962.06484623106,1044551.5784297106,110119.74469233546,131677.680915503,2.216822804468714,1
2437.868456570825,722642.3735154201,30537.047256640675,93339.33173734049,3.402547726498029,0
15601.46591555537,1862149.8328544886,125164.79243292494,94919.39597202669,2.2459904378924618,0
700.4146050033708,88051.12151472007,4355.44862566215,29359.296772837406,5.942076451597811,0
3983.6710346936597,782936.1404354764,47319.232782387844,68687.75244708968,3.594270613917506,0
451.5773233890038,7526.511180112328,995.6155996204989,41159.745536583025,6.508554427882005,0
11329.973387409727,1010859.5352471084,96888.05038820223,140001.37234342835,3.2553574087803376,1
51658.77127198689,1154728.1065255145,207562.88884709767,221954.75478417,5.734028769808311,1
1019.5674075153572,108166.53826391968,6084.05743199668,44459.49661050203,1.8897425363753977,1
246.21613869185552,9000.0,622.0738958029783,7450.947798899355,3.4723729328567567,0
53526.90053782554,1735747.6775153698,157723.50576892484,443132.98594038276,2.3778815599309375,1
366.4918717938066,6900.643977126597,729.1434177429854,19123.035905677512,3.698751182740204,0
1072.25477955429,151822.26450688974,6768.934531973983,28341.95329827632,6.535382419875347,0
529.6988318422249,38288.37943815329,2799.728680389744,9802.635201214933,0.9590540836435296,0
85103.97573998984,91912990.08301274,2787788.3859536964,219650.99540207736,2.7447415599828293,0
40441.38476194077,1171826.3523235854,191829.37985003163,168617.19118711347,5.912467594710586,0
14958.854181534896,5717295.979443308,181306.09614189278,253680.1555481139,1.4302518769209045,1
10875.3877253504,664266.5127793212,65356.26027200034,31977.07768380393,6.000393965260345,0
5902.428977014061,5736217.319189177,149563.77395990095,297769.62925804016,1.0159823327652364,1
47922.02808545542,1156066.6070776372,184781.53214018085,67719.20602891708,4.836886304909561,0
388750.3869969709,91839979.20840357,5952935.573931948,194530.68942763345,3.403598089408804,0
1825.2444670531058,480692.2092150028,22302.32985982916,33442.56094562054,27.263865158646137,0
211.46945375949974,3977.728063923121,462.823284682679,22034.658233989932,2.4700123202305346,1
4746.452798315349,905967.4387084781,46027.79325697116,78137.59616602233,2.762554394513954,0
417.6876726777642,92655.27507918801,2689.6095768697974,51560.17938079008,1.908376825346618,1
283.10242125881393,30675.723300355934,1049.006108053372,47277.057131050875,2.7356375188075077,0
7919.910935475331,1035616.241664836,62411.65144669265,91630.28680967,1.3099743164108928,1
21429.28754549149,1354737.612971604,133041.8177442737,116538.9692167246,5.5269786665144975,1
8645.437856742592,882154.1815351781,78040.76634008503,98207.10068236268,2.285667251801704,0
485.52060530300565,22000.0,1618.6106048765778,17766.47404177944,2.553499533924357,0
6831.689368785319,839938.6882386118,67963.8341741527,62750.78592811037,3.522953288968163,0
3629.313097678974,640413.1478975115,42585.315772231865,55097.55199665448,3.1868612877867504,1
1597.7882359426962,74330.34373659252,5379.475772950075,6774.183502266742,9.485981308396441,0
691.0403904636094,78032.04469959762,3947.019776782909,28672.005936054826,0.9537688834528255,1
20144.133069830477,1187973.4845525804,138841.35513649415,166663.20286550236,3.7946847072057994,0
3644.787394986213,982529.8977639306,53959.36096478296,93403.40743313385,2.185750390218006,1
36461.519073680036,845984.6334301824,152789.5055922062,83072.21418792849,1.1794836668242652,0
2195.849031046008,149656.2728387955,11656.242512913324,25293.364345067876,5.24759793052476,1
10383.091315579086,1431111.4561766319,111450.57374501956,52735.81304668432,0.7185918099973825,1
899.3261163226678,122711.04269787623,5952.99429293875,26114.39373753554,3.074500858504776,0
11044.802058050502,1008036.7056808993,62553.294972926706,55762.40246025601,5.104574134402286,0
2057.699872021555,1084646.4861880112,38526.08416372828,45994.7847947103,1.2880250929970318,1
25595.04863752715,1078228.6399460922,137406.071053633,209052.91029667231,2.2289159493116726,1
43106.11548827754,1293878.2786645736,212541.98355506358,285497.0289065821,4.389119042400375,0
12723.774793960702,1252750.972859331,114961.71442023673,184030.99811644934,3.8614678500586384,0
341.077801302973,20248.456731316586,1033.9417540537806,18972.492984268494,5.330879002715559,0
12951.191650178262,940398.3198623868,93416.6600676024,38229.48944458175,0.10196950670535299,1
140027.7204111189,91548462.05152766,3508059.183988838,227080.0720498108,4.459724950884087,1
524.9903451890251,78032.04469959762,3212.2634054898676,26922.267699793236,5.072154550391807,0
1866.6523574540804,426160.76778605516,22817.668036868883,46638.84025869591,1.256776229598595,1
3080.884477246115,118532.69591129698,9457.025472393441,13344.299230137865,8.99444351524968,0
452.5174338798508,11000.0,1055.8707684514418,20564.463166349095,1.4289079061003378,1
1035.1115774739799,66483.08055437864,4865.603933358029,13807.344226014327,2.6592873894825675,0
32640.234031402335,762716.8544092886,139545.38181556863,52339.27648754329,6.836657744483025,0
103.48904221192869,1020.1653360214955,178.76444261933358,2230.080752354353,5.718631178724619,1
50443.734872322275,1845644.8737500939,195786.96301192933,126301.09101024213,1.5952753752858135,0
457.3322785786611,39319.206502675,2006.9691469614884,17044.63361891633,3.562329320945276,1
860.1204582825505,256632.03229526902,9788.406075083636,30912.889346618187,1.7233595049057933,1
2337.3771638042977,186935.81786270923,14540.422328001312,12376.677355382433,1.094479521212658,1
91494.09705289238,91006199.75584081,2710594.6429806226,459909.1807224199,1.140607020577276,1
6202.011431672756,1673338.2802051713,68679.9907765841,96593.05341480646,3.1760363384696157,0
2001.3283779524065,462438.1039663578,19812.23972270854,45336.919169652894,2.453381973860741,1
43451.89843432815,1868854.1944196718,259591.6408554589,186600.44493293494,2.2478341181673906,0
3774.754861357987,845156.1985810669,49254.13596831569,49800.603315676984,0.7822873942614073,1
3406.632607464117,805819.4586878626,49046.54959599204,43453.16537093463,3.0981453727262513,1
850.61384437062,23021.728866442674,2026.8905185003678,69762.59364692535,2.9553560929722105,0
777.3995478309246,209093.28061896202,9940.320394322038,21526.263150295046,3.8047036755207135,1
6440.742037996578,1061640.7113520093,74064.71703902741,40900.977131017666,2.6124724491118894,1
2103.582998774169,122036.87967167956,9155.566978838444,50693.02810810205,0.8619766826919237,1
5974.93953071594,1094219.3564363592,65279.29131440606,52180.075945860204,0.7504511473836959,1
1780.9123015230905,345845.3411569975,20988.30149098708,40996.39628307283,4.768494362650575,1
594.5930431271207,87321.2459828649,1787.6031524371476,48892.220625557275,22.787688364305353,0
1676.0399168801293,123693.16876852981,9408.483271171819,9948.96775254705,5.801486355491584,1
6470.88442536905,1367118.5025446771,68090.85768970496,40633.0384787737,2.301850972947318,0
34575.46434658381,1218218.781664443,184400.37561228254,112468.7520787702,6.6761584570656005,0
434.7187665396637,33241.54027718932,1856.230022476674,13841.486950006873,4.726845263874281,1
6513.924258055991,1110990.9990634487,77234.12208975386,42335.62908501159,1.2356495088803476,0
8914.065712128695,6094608.83655511,194932.44836329398,243318.0348095384,1.4197331363405512,1
670.3114689610744,91093.35870413386,3907.862230887072,80692.56871333097,3.922034704064654,1
103976.02824234465,90965246.3141831,3062932.366703472,248971.0455196729,2.4395775824394668,1
10025.302618342701,1006853.0180716547,86101.5139157773,71601.6164993332,4.871527831750424,1
2352.957635261839,481486.24071721925,25501.30369294953,67713.80780082586,5.954222084751006,1
497.55155948183267,8548.745751129507,1066.146967061156,20971.721653310662,4.57836187977701,1
3690.6551673842396,513790.81346400105,30393.8448864065,54904.05745724184,1.3752499817940431,1
599.1378939178886,75432.08866258443,3039.0249074537064,58042.899152745864,2.07029991649038,0
48782.92509326156,1088226.538915496,207883.31697048442,173207.86093816938,3.381864750276641,1
1031.6927772113534,74006.75644831355,3934.0554666532826,32636.745415275356,21.218518468716805,0
10521.040188513809,1183196.517912388,105697.98684155346,84870.5224466061,1.545612810293481,1
3787.822720372709,746174.9124702598,47110.895398602275,77160.48422474813,1.1357800049892146,1
894.538292190513,46043.45773288535,2967.793382062038,17647.702584191564,18.870990870417288,1
1301.6698955290783,98351.41076771599,4596.423578494066,28568.444555463626,21.56688745919564,0
375.2519792720181,13416.407864998739,1076.792730357563,6030.485042612546,3.746434501255907,1
2114.5335490970715,48764.741360946435,4402.8053060272805,14923.29664505211,14.268969223542953,0
6559.143519226184,758102.8953908565,64944.12553055755,33169.976353399645,6.088860061618291,0
748.2253704539811,9596.821412802637,1484.1463347265483,15357.839757949767,0.7642580368791012,1
871.6400249503696,732024.5897509181,16921.350993692464,52045.125419167816,4.100116525270254,0
41009.1846944712,716084.4922214138,127394.48027347708,26069.533005852987,7.989898330159167,0
3451.4256677199587,788631.7264731365,32100.982287175313,36786.27225369132,3.0480598166187685,1
30054.272321410604,91819278.83075535,1600569.4354492424,429061.75745186093,12.325896939984109,0
186.08365848728644,3644.762205498834,427.31325300228775,8840.705637411918,3.0553307848991325,1
196.45541621816284,1903.3795743283135,323.4323386143062,7221.9570138021245,5.945886973587268,1
5246.246499637685,730282.1372592924,54760.79750845628,46626.83843277335,2.51976065770182,0
3024.5338317683636,711973.3141066455,34426.09143069141,108280.43793976931,7.3952207801245695,0
16748.91440861952,2868095.782054859,210982.8300659254,195286.86099865107,1.3939540070526537,1
239.44291746267535,17720.04514666935,679.6041608049554,53837.504175650836,4.587986591877642,1
130986.82912422236,90907484.58735397,3440873.134562717,222392.55304631338,2.2246586519460982,1
346.63303763748996,30000.0,1490.561688514173,20270.83061061099,0.6896502578468502,0
120381.64995965273,91838548.99223964,3223935.527394051,446066.3268826414,2.2439857170724147,0
10195.287207123576,1098331.9170451162,74225.29653578719,45395.103461774714,3.6775784139159016,0
761.0675113547122,76164.29609731845,2898.9825737560345,35364.67074697082,14.880112097541591,0
2082.81224264257,490755.53995854186,21034.07365357248,77368.0739960737,2.338670423152676,1
926.3153229151459,76850.5042273634,5739.444869975709,16155.268254096314,5.4282849319295,1
1523.0684388874245,576350.5877501991,15455.723222937035,52456.59762702557,16.830294530154276,0
3001.0574098240304,928231.1134625901,47586.568800807036,48035.6729338449,1.9925450425584486,0
1782.2735474293634,142523.68224263642,8169.925018404563,14018.435873589977,7.976492914205259,0
871.4506314252105,306843.608374038,8711.967423137787,69751.45302955936,3.9703961282211266,0
21439.336495054795,1940676.4284650856,126908.18602835092,58627.799075150615,0.4044620780284413,1
1045.476421708522,161839.42659315126,7716.492561958707,27321.52141678435,5.086863398381723,0
8033.642174034135,1068948.0810591318,65984.45495764783,120422.88657995212,0.24778545481468037,1
904.2474251323731,523244.68463616516,7534.382876067227,53800.67799206081,18.702111710852744,0
74755.18578165873,986446.1465280302,233483.8663053887,142414.92506131422,5.760959451530789,0
6381.818781613373,838933.8472132352,62849.79053071525,84495.0441519364,3.3353729186465833,1
770.3752652782865,292246.4713217253,7090.576595494548,107625.95484416878,1.5371658775937584,0
5272.3940406172715,1116330.1482984324,70467.08711264106,99576.40578573447,3.4277029029837096,0
443.34587181890436,36359.317925395684,2174.6896256172604,37192.032799589746,1.8954467564667938,1
14998.848985300086,791278.0800704643,102040.42486391611,16791.597563447805,7.348362187071864,1
48759.18045383193,1030639.1220985161,206894.95054510803,133977.77355483788,2.5673496047667923,1
47643.675368679586,1029975.7278693512,199556.3247956157,220646.88227484564,2.9479576915140804,1
673.2845625847872,444443.47222115885,12347.773561280637,35725.61108720706,5.15090265445996,0
18008.102895765078,978823.7839366185,114557.43406235731,112162.64658322337,1.4689961115818881,1
8079.801280709923,795420.0148349298,63577.266770396585,91115.87186344758,2.460740069853266,0
2297.3693149315645,222925.99668948437,12850.244167639208,18478.35426889771,2.610388461198124,0
3462.735841310417,64513.564465157244,9389.491709087672,9129.952462608751,3.032722755906147,1
6663.574821838437,1304064.4155868988,74372.1322411464,149423.2185625282,0.9424017588489833,0
630.390192426631,47801.67361086848,2241.8339978246236,50340.158665259325,1.5037533603567248,1
888.4711095248477,830075.9001440771,12945.177589599392,38208.46645368932,11.856012511877033,0
2265.8666508683323,397724.7792129628,12475.128688497476,19763.112092919884,9.674164011687193,1
20092.929225833795,544273.8281416809,85309.53305306226,99229.85922659168,4.244060410518565,0
225.09285602605453,3493.884943726682,410.25408548936906,25625.398702324404,4.273353190210618,1
364.21510751875996,36124.783736376885,1563.7340378831707,31781.67797945413,2.029411822153989,0
286.769222189463,20880.613017821102,1047.593748217434,12216.683191655786,4.771828681611905,0
718.1072174986346,129247.82396620841,3321.2405807912314,80449.58778841543,13.924595999547972,0
1910.4400014488415,63000.0,6697.97274440397,14668.060715583508,2.8130644635930238,1
1079.7979773203185,202832.4431643025,6560.559238633615,85289.3044454967,1.402139818323469,1
2322.268997006426,717435.7114055586,38699.67537184455,22471.51899730714,3.0784695608468935,1
9682.770960682345,1005195.0059565556,89381.69732738628,103171.94359362852,4.603854721429611,1
5591.618279472112,1107614.553894991,74510.46598302753,30789.376357103552,0.8812284324348142,0
1193.8669754111218,826176.7365400699,22275.489070921594,41651.7000344196,6.611772340595625,0
13673.150397434112,825947.3348827999,87984.42671175093,45277.614836965084,3.4864366368257684,1
205.2335722682333,3268.745774157363,385.50225887746717,6711.079428084195,5.793644031694641,0
1341.5240786297645,155012.9026887762,11311.855875663286,6615.570732580988,7.010704148260967,0
10384.694323321764,678230.7866795786,70629.89611568864,26585.130574312563,1.4542537936174866,1
22557.212499673205,692371.287677356,107347.25799906036,46969.888382477555,0.5561593170442195,1
684.6889461343644,150734.8665704123,5884.351409331635,29945.054250196765,2.924230123511283,1
1595.8572451130126,736994.5725716031,28270.544020917332,26813.305676648208,3.6161930306097956,0
21632.57197828891,704034.8002762363,108983.37864375836,78119.73921241573,4.889557953773619,0
10994.515316404006,1055092.4130141397,98468.96965101363,103373.32124427022,2.200180002479076,1
905.1983711044026,514513.36231433286,10292.632702076786,53763.24899447152,27.838292045313082,0
2048.383856649988,62361.84731067545,7889.67796479746,9302.065206901523,4.402241687582677,0
8961.011184247893,6115069.012062762,153609.7055566601,289140.6409816216,2.052164083291847,0
1569.3343005375966,657078.3819301926,13342.252862855172,20247.018675598425,4.578024759919654,0
5161.359714842522,654156.7090537252,53894.76708553133,42115.05617315969,0.7598718654207414,0
8945.631648899862,1168563.6482451437,86367.4033375321,110234.66794221167,0.7660440968002791,1
3261.781186267837,930742.1769749128,38109.46671857388,76285.24054256125,4.522304652590096,0
812.8192774050644,18973.665961010276,2134.288986115449,16711.662949182635,2.4777841730658543,0
11482.240664851266,1006191.3336935475,92698.50018928254,131153.27628858062,2.5640115341072702,0
15826.686549704058,718672.387113906,90898.61665263232,153807.3246529186,1.9538942109702215,0
6238.560184385744,918484.0771619288,66658.53983525904,60983.525282904855,1.4529481331305962,0
6434.057815350796,5742968.441454168,175512.71065936782,251535.41499241593,0.9209657861210456,1
5304.577695562441,670954.5439148616,57478.80990524901,25038.839456424066,5.216095380029807,0
18733.079601742425,1763653.3106027385,168068.04452833429,37319.24411238231,2.5264018279260285,0
223.9308725421071,5684.242600718748,588.4335949196231,15681.749334467602,1.8551477071226525,1
6501.180619937679,755625.3714898624,61168.84390255315,51792.4743332057,1.110613481127558,1
1870.548010030022,900243.2380586505,35446.894252826045,68849.2389772658,0.8158850406335205,1
3666.917359199665,388908.69376559753,28540.64857351351,24602.06123773343,1.041840133020852,1
1788.50453406463,109477.42516003997,10123.056141306912,13109.725637060896,0.2087348736369814,1
637.2885890191417,474219.7360895619,12684.372265251777,39736.79227238144,4.355453722496682,1
6503.411703566986,778460.9009109251,49646.140181978735,93821.3080551916,3.899989763646233,1
