vel,accel,jitter,dist,density
-0.3906639256150983,-0.5414069079436502,0.21882953923020523,-1.6326472765194966,0.0006979284222049892
0.43432671665697586,0.7536319636208217,-0.0916287715324335,-0.5627865846192138,-1.629329478817473
1.938954605050155,0.10598159508580197,-0.8742675622293647,0.41505761785471157,0.8475396093868391
0.4205793406289898,1.263798556284302,1.2867220054813056,1.9285328475516959,-1.5049231448648943
-0.7712722523724851,-0.49412774214727506,0.23176105156509466,1.4597566295808695,-0.970044321422584
0.791224978471265,0.258582100227631,0.10764823145906191,0.650652532693957,1.0861709210181534
-0.7794436062732677,0.2613945046547053,-0.12338547018762826,-0.26246413098345006,-1.9207137948528292
-0.18763043990268571,-0.3114304080880331,-1.2636566416962502,0.5817160922876197,-0.47883730497698634
-0.890254701167522,-0.25964735033956693,-0.25420391362222666,2.499452402414121,0.5573745178492301
-1.2337781503995684,0.3004947117936334,0.11094375225317685,0.48673555464263435,0.29728736232201414
0.5667742317387392,0.48345490547304126,0.34134886359228067,0.07125174640297621,-0.2995713445935216
-0.9822497665267009,1.4927663503691682,0.4692045973071175,-0.27903152437492235,-1.1157972690971898
-0.38489887649915944,-0.4789439380047561,-0.3380316710163562,0.1114986700961098,1.4400636449084658
0.6393691832693689,0.04606952060016187,0.5908451000581869,0.5920914319139994,2.421610533413494
-0.10034787851497877,-1.5807263258766293,-1.2710289052495078,-1.5736351728403988,-1.4494107110083434
0.34599392238048965,0.016765821127645453,0.45456698485696173,0.9891517740440672,1.8081592961336859
1.6185020717911676,0.39430133171989806,0.6070667801714844,1.9163146217131672,-0.6640769478328264
0.2316586742190767,0.41931247940673977,0.15423267675296526,0.007839166046711327,0.9517461018952919
-0.6754706338109621,-1.4534865785400608,-0.45002812926327973,-0.8463316135026329,-1.0422704700327874
1.1540288171368982,-0.5871197293968866,0.8521463653683303,1.010474388137866,-0.5022058073575948
-0.25294524915867445,-1.3082408582731193,0.7148599798171115,0.6264432558635918,-0.6792678579188963
0.429235780247926,-0.4037961573420381,0.3100104084175046,-1.2225059660656254,-0.765473340791871
1.3550741335084766,2.1536140167413937,0.6621613687876737,-0.3104890917237151,0.9468427531668444
0.3533789622856198,-0.8764288589424802,-0.26361770438811527,-0.25050089211727106,-0.027096896579179998
-1.9342614963900497,-0.6118520508410639,-0.4062088665032717,-2.10514026465014,0.8875663856455632
0.10280009134911966,-0.4267115482507795,-0.8155421646627745,0.9898752369456456,0.6911158337959158
-1.261322250332446,-0.1907702871977685,-0.29741631176975125,0.8676994988143298,-0.8477368983792783
-2.4500588107216283,0.19767218486654783,0.16721252556177008,0.31315595111041716,0.057581740842507334
0.7530568328242848,-1.2515342338735718,0.4380452154391954,-0.8240866041560656,-0.11821599461017286
-0.8743786013220408,2.1213596667606134,0.8933558053641661,-0.2186240176537314,1.20698964445807
-1.7326353514796557,0.24714772102690558,-1.7994633757694276,-0.46106430573000534,-0.365359193073221
0.40225911333008413,0.029872062710998078,0.07563212489423399,-0.7019074957407714,-1.0101396918581946
-1.2336001716523812,-0.022442404684943774,0.5898858450436397,-2.049300973961688,0.2667682189478202
-1.2237520722952544,1.3265250430476865,0.0942680731327177,0.8733120580102568,0.0718518703763618
1.9868201833135257,-0.5060162606873613,-0.7219138960636675,-0.9011299653104317,0.004647092580923603
0.6710520754600542,-0.8420675902811422,1.0853713695553422,0.7435029098187445,0.3227528403141733
0.39301598651320097,-2.6301074546469145,-0.22258194287831723,0.3149042983164188,-1.1405982525715541
-2.0215377895321835,-0.043299392624365184,-0.4939029908978803,-0.2842430160095414,-0.6075360651873668
0.006486577082017434,-0.6651205175295086,-1.43915643675241,1.2580814581745454,-1.5252017972006855
-0.5018983779481948,0.11249725775619171,-1.444093091048391,0.682353469590598,-0.03781657988066428
0.7761266804798627,-0.3631800833909198,0.9001868182967229,2.402063229956999,0.4598256140606021
-0.9426603890795057,-0.41764356158091137,-0.5253221080072538,-0.8254912848691957,0.015886200351012618
0.2567199418471351,-0.41435521765327554,-0.20931233781099917,-0.11691470257201061,-0.05571489832160284
0.8032498911883461,0.02521501485847074,0.6117114054710971,0.6762097039360326,0.4191078157544448
-0.5432553805635149,-0.009132155120968056,-0.17011186367617342,-0.5985527234994271,-0.4885888043441324
1.182854543977029,1.6258825207042864,0.17619673942297415,0.134985751530936,1.3770576063310056
1.5305664374829238,0.04553213034274728,-1.1281975259614156,-0.6060129390029246,1.5422222396474932
-0.7062406194177544,0.30639378620826685,0.22649741438315163,-0.6264754388101572,0.04968044192537139
-0.4515895135072209,-0.8564526535428381,1.2442550240806325,1.3638817078543741,-0.4877040247200086
-0.46045008086484174,0.17642280020032441,1.6661992922733468,1.8300347431711828,2.031781349604471
-0.41097583179340835,0.09213781589490574,0.804529452587857,1.397892173838629,0.28306063703597206
0.9073303036831312,-0.8594339068640786,1.5148551397905796,-0.2759716842072869,-0.43156501047574153
-0.22091767999369832,0.4936314229623343,0.5707684584253283,-0.2753185141662977,0.3414411172786073
0.034567213880803214,-1.3061490885297646,-2.442420423452787,-0.7811933848587267,-0.12903008696175292
0.2744244950848909,-0.04762475112635996,-1.3375398378983343,-0.9265111690027725,0.8373418093831653
-0.8863180450949032,-0.2695634697829627,-0.36459149462393337,1.3037268802579807,1.94887845557072
-0.4442017110351541,0.28355196347654665,0.36019768218584747,-0.709068344597578,0.18771047845229458
-0.5378347072339407,-1.2077638790779137,0.3078996359402071,-0.4765686859001662,0.6767738024723854
1.3483040904173287,0.21196694743740743,-0.6349661888583662,-0.5209484405888192,1.2771118270309882
0.24430266390693295,-0.1028876828925562,0.22137776492723768,0.14344911324908302,-0.3992685623482025
0.2713576204282276,2.075482198383049,0.3313842478377066,0.8623816517098881,-0.7088380501771584
1.803223116265965,-1.059788400663557,1.5386774511098815,-2.4386287895290044,-0.5922449812865779
-0.037165155059321636,-0.31839269995401187,0.4697536407165616,0.07520408368023607,-0.21744716406055556
1.6693395940541087,0.13807806735505715,0.11189851661419517,0.787604261739274,0.9269594051659424
0.3276048812307725,-1.0912246068377682,-0.5850658496259461,0.8659656376074476,1.8205143520742306
-0.40536193347548577,-0.37111298919043706,0.5266323222811428,-1.1373531013516271,-0.2526030005378921
-1.2587614608717104,1.2665384007455234,0.622732913053526,-1.2050323318542762,-0.08301335886368377
1.5252601564715655,-1.174490602450295,-1.6543187774158512,0.51552632757884,0.9325717922741931
-0.5990770177263346,-0.16859207810249097,0.09315775761351974,-1.5052897623566726,-0.6831640038438769
-1.225210360510724,0.06303113049083338,0.006032827074361016,-1.4601143335526447,2.0157461498014433
-1.2618780714999325,0.39560421932598067,2.724928062197278,0.835331234436069,0.5917727298761678
0.35705623517593665,1.1158092362051166,0.3558961031288599,-0.9292146629671612,-1.1609333606623793
0.28447837150664573,-0.16505532296673536,0.0878456518602267,1.0844050326085057,-1.193871084066692
0.8979227582207444,-0.19536384280032457,-0.012790239810634168,-0.43893736979845244,-0.5873002162646741
0.351814460183627,0.9469040954750432,0.7867521563035077,-0.9604258580318655,-0.48093963639579845
-0.6975941136436836,-1.0064935392497707,-1.0110919001347227,-1.0055862450067223,0.11856105374619362
0.05897317020602226,-0.08332387015711785,-0.19461820940537075,-0.4451197715465821,-1.876883828653565
0.07642731078445224,0.6801783974472849,0.974099692598719,-0.21048696539125664,-2.1138503552341374
0.8749210387855636,-0.279385201123391,0.01744134946579979,0.9077250504015955,1.0683875100213425
0.5592451674221235,-1.4845366677076315,-1.2151687456859959,-1.2438873729595734,-0.6217537563441776
1.0221263787789308,1.175887100902012,1.496966868821972,-0.16547073808291032,-0.09444507319606452
-1.2368774187939184,0.12630552807052514,-1.4340446729416498,-0.015279005056397047,-0.95012270304399
0.6013960279364032,0.6230376555343438,0.7346285183584795,-1.0682951883315994,1.2138606645406556
0.7458484470610258,-1.0068447348621659,2.407937495232358,-0.774023846926412,-1.0808425360848946
-0.01689931255179164,0.20738447510557237,-0.7252207565944194,-0.3853467953052906,0.8071938900863743
1.019722201642789,-0.2377891494527872,0.5927706561203908,-0.9633277660625112,0.659580422259484
-0.540636694692384,0.7398257599800628,-1.2460293619555527,-1.36851563764264,-1.0716158233388775
-0.4562844211908303,2.2120226333509665,-0.5010710803606392,0.19191661205107877,0.8655006393269099
-0.9657790395011564,0.3930737499730275,-1.0508285091176826,1.5104310541589407,-1.233116590685071
-0.09230411222809766,0.8572132141394704,0.3519275785742829,1.4570356670287161,-0.23588297615405693
-0.8096357229104638,1.6236610238548295,-0.1962460376277317,-0.2864809154233579,0.11376810164617078
1.4916292677517504,-0.37204250138000905,2.06628284742803,0.47821670837361685,0.5529225385689772
-1.9987147285219375,-1.5768133812257337,-0.04951209655831317,0.09296070640861512,1.565760308543967
-1.6534695712539438,0.7427691630753669,-0.6427420159941422,-1.0049617911907234,0.778240891757321
1.4963009166601258,1.3969115195117416,-1.425858865151391,-0.03160738604320144,-0.4918967030182262
0.05791120585230775,-0.43910355152601405,0.9495113628030967,-0.9053702369631632,0.9218815145925908
0.9084578216607944,1.7871930233453277,-2.513726764645165,-1.2290862620898602,0.5412908162472523
-1.0393049127619418,0.27811497843735966,0.23053937093320442,-1.0944348432998416,1.3743415964194403
0.184270951029921,-0.6034595763831508,1.202358305859959,-0.3948572678213499,-0.9884735690976675
-0.9081972033592313,0.8843894989849633,1.9138815422951818,-1.784917302116422,0.09112484094297842
-2.635962320895816,0.3161780334804419,0.45010822540181133,-0.262991313376379,-0.11930063546984139
-0.8829430347723514,0.31211485121258736,0.3011875120016543,-1.840335711111014,-0.6737510950005781
1.3060483289043074,0.8831080580702629,-1.9664695438667794,0.7824481704065412,-0.11131270913333977
0.7293114917663953,1.3687703988291866,-1.828790454578896,-0.5540418152735589,-0.9601506546210525
-0.25059046951053715,0.3227758511540822,-0.2845776346094789,0.8692246199788062,0.29230815583986314
-2.2834979307846415,0.017868523862929964,2.243401697463107,-0.3615858114637331,0.9012088387353577
0.892622005619711,-0.798822227295502,1.6203996263532248,0.46872944704587033,0.6077920815015825
0.3200176259637841,-0.3688896358569053,0.7657469488510653,0.02910509155838895,-0.3778476567762373
0.1056800392819206,0.05024388715097404,-1.4243388583941652,0.12026024370939103,-2.336335015267119
0.7874291330895269,0.4968862715641063,0.38695972941092005,0.6853359416343181,1.166949516785946
0.44897012602673075,-0.603209046670162,-0.5856818777319714,-0.27238159776889176,-1.5574960997633274
1.1140531990241704,-0.567178692764623,-0.30598405016043767,0.19936662323427365,0.2809799802571645
-1.0803498173442814,-0.6046311043822777,0.8362256889285261,1.1528262943629382,-0.40923238059700345
0.31152807479193906,1.0388673603271865,-0.793438684930578,-0.5559722858172561,0.8566698480518677
1.210456884568715,0.6780837696581176,-0.08686314646096051,-1.0725059860845874,-0.7258512490501169
0.21603913701643915,0.38462368818260556,-0.4099774843119497,-1.5710873724888825,0.47213723214216374
-0.6769640950813222,0.6987219870751372,-1.4206483757073844,-0.4393890531113281,-2.0601348592941413
-0.40736770368915226,0.3623066789003664,1.4905950473962082,0.47720293387296886,0.5593883451120525
-0.49986078941449996,1.73263974687658,-0.48519434706469866,0.2867699825228003,0.8727916737158283
-0.015182524556653747,0.48271515829623657,0.263955487434281,-0.8381256231528904,0.35831597516087904
-0.4657341084863972,-1.2348763211159632,-0.9157009261632024,-0.975335520047961,-1.5670318765746525
-0.8636166443557118,0.9163689600496301,-1.2848033033213926,0.3111219159097018,-0.11681629963224434
-0.10210824310203002,-0.10459991339997549,0.9907544853334802,-0.4354144306548829,-0.6834453167562711
2.5620579773297436,1.6546869603053178,0.5505760607403924,0.8401370203003079,-0.9592127443760374
0.4892075873443319,0.18545788907137206,0.06139077304265534,-1.3714301197932235,0.3254922543976882
0.6979461795675573,-1.4656519364088203,0.2818220828993378,-0.1254568093366765,-0.15485247899379048
-0.6737537967025578,1.2518250080200333,0.3139524728893108,0.3713906380600207,-0.536713632465857
1.9623574064810756,0.5559281716788341,-0.10940339702793876,0.2734572525339294,-0.9420386249137276
-0.20820144737194105,-0.6095792918636471,-0.7680091570771587,-0.4881140384283511,-1.422756626606133
2.5931315629558993,0.5943043013541065,-0.076937390081073,0.36773905086845626,0.10627048465627399
0.6884016835009263,-0.9425850148146688,0.20035001820813483,0.039884669925246044,-1.7628813511013661
-2.104725832159599,0.36268215108610025,1.1195156807211195,-0.29196764177149975,-1.0527280616264127
-0.39991985365787136,-0.2752159018354308,-0.5801264116504282,0.3127841863467795,0.5260557214349071
-0.6403391742600829,0.6724944823047908,0.9928658824710643,0.20947890945603126,-0.7914419262154807
-0.4117311574702695,-0.006043661884633872,0.21375104605713852,-0.7157254099695646,-0.09959615934936167
-1.1630231087583662,1.8324443205274927,-0.05699843584846374,0.7590885213781483,-1.4677706758341258
-0.8253797579864499,0.6256308379604445,0.659775403696531,-0.710098209691759,-1.4450350956200986
0.629772186463038,-3.2539403204768487,-1.3023434162143033,0.46120718328457005,-0.11403422868226648
0.533616086243032,-0.7040015690263199,-2.071127989987412,-0.9241232676611827,0.9269567348918589
-0.212806272961527,-0.7112874616806713,-0.4333985032843884,-0.8750030272855428,-0.48016806545393187
-0.030565304614838043,0.833101792218684,-1.357822381674018,1.1840329307031816,-0.3831665131678642
-0.9518441970889768,0.4033583904591791,-0.7429767900283936,0.9073918535013711,0.644001389021039
-1.4618900595673843,-1.021668796590511,0.30115411351440624,0.9461526775601564,0.9456374721197246
-0.00622361778363971,1.4172792329001815,-1.0958448753012455,0.3259545041725184,1.500204005683615
0.9168402709343337,-0.047854505231023164,0.5978524085489154,-1.4097386121581372,-0.5280923991720804
-0.4192689220939448,0.6129792254804697,0.0794570019371161,0.3509521288840143,1.3222776768698266
0.48394455031199557,-0.9608314661326809,1.545069795981161,0.30316946548346896,-0.32883428125392056
0.4616432921890345,0.16523001407058627,1.0677775391557542,0.924732774686034,-2.210875045006796
0.5909431775010433,-0.8699203546789872,0.8369233958511408,0.5920965367400717,1.537247418400461
0.7060804460787772,1.5239555595990117,2.6039496888876426,-0.300358351535798,-0.0362567841453479
1.1564819566509428,0.14427495830037163,0.900076460696953,0.3948575005252086,-0.5666380576411197
-0.4793812656871846,0.32235479736934575,0.22470384805406388,0.7156498698186257,0.09429679502732921
1.0712532323398694,0.9165564874310884,0.9537409479929557,2.5946318553321914,-0.7419614167419709
-0.23959353123832886,-0.3098180529837914,-0.18824925681565793,-0.64447989001171,-0.46118716272557936
-2.0416618786624046,-0.47180289921592233,-1.0958188487670437,0.8857074869985068,0.7096709145898034
-0.2095288006838768,0.30172650928429673,0.3722408529188993,0.8523247427324853,0.5100911832321523
-2.0166453229153674,1.1101479983394031,-0.8822644714694974,-0.09385145207146439,0.7927715362513432
-0.10427531379579884,1.4816955048033376,1.3204438473811666,-1.4898689358514172,1.5702008071152571
1.2484707307785017,0.7200524086942901,-1.0708303315101053,0.5450918296611674,1.7832214518166856
0.8598915649546056,-0.01802138393856314,1.2176477880766161,-1.9525568146412209,0.6125820799401492
-0.8795294442911505,0.3040877145335944,-0.17409213059070605,0.9375361952969004,2.0675973095787996
-0.6685623015883024,0.6870779834975209,-0.11081299700152118,0.3263759797446888,0.52273195322825
1.3299023926723652,0.5826354498842307,-1.3553649483843646,0.03424715941900166,-1.3045872761875923
-0.11218519328354219,1.804634951914558,-0.4691558777605489,1.090907113327634,-1.5742859560134848
1.7083498510847737,-1.5310187649417113,-0.10954167123334922,-0.06069590296518779,-0.6100614833148086
-0.6947972355642805,-0.21112041600311707,0.8388487248825373,-0.8040962869769798,-0.28886496576582193
-1.2379810257064503,-0.3399678048348184,0.635604051693554,-0.9549706346829269,-0.24248291528631744
1.4540546750086585,0.2767899694655554,-0.9955742100827567,-0.3302379264113588,-1.502325197115227
-2.6304498493129778,0.6912298497825574,-0.06785407044046281,0.29800219964761837,2.534968250757867
-0.43755401470669025,-0.1734641976029207,-0.2701579309020778,-1.0704049943602294,1.500285199766294
-0.5210717180923108,-0.5139312570029736,-0.4192013926967973,-0.41119725218753045,-0.19352617571229275
1.6901449753443945,-0.9863347500666693,-0.850965631275808,0.0825324524984608,-0.03311860987980327
-0.004345865834419469,-0.6493936421969301,0.4381363788627331,-0.39022511468198745,0.05917661223373791
0.1410596462934685,1.6909363679698206,1.4608675605047472,1.1777736819910218,1.4488796005924645
0.6117741021209118,-0.7644124928088056,-0.1291267680759935,-1.4701168561491469,-0.08943401886289959
-0.677564356298152,-0.042826866426180374,-0.5381980587857296,-0.25138897962005446,0.4282392770943618
-0.6310683931016048,0.6756124094424567,0.21331638091349317,-0.375628567400742,1.4927020042144468
-0.42570790700109645,0.8044516910948593,0.5003719784970314,0.2903910311503934,0.08556283880276785
-0.23096303719458824,-1.2351431914397315,-0.7543989093011403,0.3914081188636501,0.7152537436000861
1.1142775201826303,-1.464731227129427,0.001015974951237848,-0.6989849722357189,-0.7866476346436202
-0.7301892703292214,0.37617846720410164,1.3837730225734695,-0.5644805626506647,-0.36263697755671165
-0.9844332270851821,0.7015017440046555,2.0149306656388877,-1.1023914390985021,-0.7218053097777203
0.7606384544098828,1.316772763711982,-0.6188408678939663,-0.07432126825858355,1.5710553607454114
1.2474321041283416,-0.16013176165488482,-0.27093655044817944,0.9549779776037167,-0.32500349567107945
-0.3109201108717977,1.14510036369826,-0.18171455714599427,-1.638802006145631,0.6083962968368273
0.39232603838472474,-0.5670148901996996,-0.9625759196376914,-0.016422329647751296,0.07234476374857735
0.1807267563442469,1.0374152894613495,-0.23887105160062416,-0.3180548939212035,0.8139484725086691
1.1400773548134984,1.2170278103998882,-2.9694092623646573,-0.052586376963854486,0.35934930515938823
-0.22308133104696318,-2.0132307606083826,0.7523750377060756,0.7471947291481652,-0.346027847226184
0.5550644955277798,0.8057738466394929,-0.5000573851406135,1.1152654445593084,0.6373955145690223
-0.10937686930342548,-3.0253452683921127,-0.043217098407432895,0.19218523178439365,-1.885291115284685
0.17525984404266717,0.5605482157790738,-0.4248594529034402,0.13770769246973502,0.7632018214564601
0.8866110379029631,-0.2650401463431307,1.1150054830368814,0.12706579837726106,-0.1713929283751342
-0.854568973325107,-0.8643716168180189,0.49618076879945344,0.4239377334020397,-1.3844641256343015
2.3640122128583454,0.73134698792538,0.07529971061408199,-0.5854619184247387,-0.16932832346343535
1.3940280081990917,-0.28843660997777687,-1.118495818740022,-1.0528341142113116,1.6323576821315426
-0.5109631602425284,0.4326654164022662,1.3900266866538895,0.7344264459832459,-0.2835247743511158
-1.0868498776912732,-0.09087566545662067,0.7181976451824121,1.3871682863379966,1.4516127777762449
0.6875972461572282,-0.03352170501840102,-0.5535393690026101,-0.6856450382278927,-0.8831775721382465
0.31576621004019917,0.9656035587610337,-0.7473095941640299,0.2370711745255742,0.11707355525152983
-1.022635067350431,-0.8683386854999464,-0.9131518993806259,0.713272211311253,-0.6692502116197443
0.8493907942287924,-0.7244415165766473,-0.6853635035672615,0.9206625122204383,0.24251505216723324
0.5041635054871461,-0.5793671231755486,-0.2896220083757966,-1.2151878597399062,0.40952213499878726
0.9942483390873319,-1.666138801531787,1.6231477458619004,-1.0197382699094653,1.8629094686816186
-0.8764315637363024,-0.8172460339214441,-0.16046960658462578,0.8846701369887607,0.33245351891396857
-1.6571990690646128,-0.3312264927413611,0.2548713240483046,2.675636740909693,0.6653963004836667
-0.3792278276299828,1.182497444356076,0.5082917005413123,1.593706479859436,-1.595850145166111
0.5428335929422224,0.5361667090739696,-0.24050350438644869,0.5190415314686632,0.9883865888671148
0.2839330660715109,1.0264427361579276,-0.9509491905313341,0.7495550438569528,0.5078036464577518
0.8412331090790842,-0.528039885103272,-0.17223109222706412,0.4367873330686912,0.7065326714990602
-0.4127383859484001,0.5701532386441546,1.2176909798534732,-0.43103364024158125,-0.06849804837313785
0.7725095348087853,-0.4974053274035036,0.48787918084957865,0.2408996534559335,-0.5106983136876865
0.16932613632566246,-1.7884651186073688,0.22224805904364514,-0.9832893888911555,0.13108964001783385
-2.0623763858487383,-0.6446637367136846,1.253567961242773,-0.19072027695622212,1.434902262423959
-0.09709149743212009,-0.8467392147741687,-0.007297991193302374,-0.5561329394695746,-0.1564828393234468
-0.8809999002716019,0.3863528425233755,0.7752347996796667,-1.4716908974160814,-0.9369510757420453
0.08757224255933342,-0.49206256266735254,0.14397681752886746,0.5364759673951837,0.4969132088014297
-1.0081279459485049,1.0487289392795618,-0.03329327889267006,-0.3938505132978087,1.155119069646893
-0.5339927868981627,0.43274461666845015,-0.7464017222523163,-0.4967058809923761,0.7200883835214383
-0.49722187518502536,0.6329807185617282,0.37879481573251383,0.07382443925962386,0.3508224766364402
-0.1812814797442322,1.3556722977861215,0.17184031430888808,1.2292731102204564,1.3815999306803024
0.42172033684492005,0.5958659726433786,0.56309326040332,1.2197008095321253,0.14101204947834242
-0.4416497703297622,0.15143410360743703,-0.3730444044951268,0.1570925061709999,1.1624047718919623
-0.22973917971003194,-0.3431871497435788,-0.2515088589768945,-1.092013184669012,-0.4405954024455204
0.5335745408423179,-0.975602753077626,-1.8644291231613093,-1.0300857642742491,1.072070347199874
-0.7846259801592165,2.34367631004459,0.25461061029934867,1.124181687696181,-2.0043408943125542
0.07900011454759918,0.6832851828244138,-1.7079037941513677,1.5733405909499945,0.9286967224137627
1.9214648464793085,0.8664089396167899,-0.8767040566751901,-0.6436455467000437,-1.5241694420034944
0.031887766532111526,1.2895637585073203,0.37861007917525547,-0.8123162965558341,-2.1548121766525057
-2.0411640211927247,2.520049817343656,-2.5127610930462896,-0.6159797816144055,-0.2716413384219615
0.9961269632672433,1.1265556093615232,-1.7552241399465083,-1.8474526835781266,-0.14267040501172448
0.8638465999966194,-0.39730875992491904,0.15079429857771928,-1.139094932559162,-2.7766439462003034
0.8768847577626423,1.0320021972097324,-0.6641244686640518,-0.1842034854323343,-1.913631942940481
-0.15318608671719522,0.9864962855755037,1.0533039566489761,0.6376965542245646,0.6655552645253942
0.5040481124999574,1.2858428245935878,-0.5616500777421521,-0.4322865086223788,0.3241935621432126
-0.33088167669958907,0.41072727430714145,0.6363333065740645,2.558074760194541,-1.1625036740713848
1.2429324453275366,1.510087230306955,-0.8297442074110201,0.1545452109383792,0.4037411271819673
-0.3133224292321348,0.005628458397209548,-0.45354215043487683,0.4338880088520689,0.5614325096980637
0.7582431480962623,-0.48542109093396396,-3.4721272521046167,-1.4271016076722354,-0.2253966957195284
-0.9020120085237259,0.500513969513601,-0.9311826201047485,1.0604200891690159,1.730785404035888
1.1170045415764371,0.039812495401458016,-0.28518619619751845,-0.773467657925001,-0.5844260108762809
-0.9066936224693275,-2.282664970265813,0.9496937645452481,1.119059291483793,0.24083715271042033
1.5098874533227251,-1.0983597591431344,0.08554931016033392,0.6790922270412993,0.3006951530478528
1.6078431988402018,0.5308750728194469,2.605780094087879,0.6793012812019641,-0.19640800044284232
-0.23978920852299263,0.04949142120344579,1.1109115460068997,0.2985062310702676,2.381360805186541
0.5927379704190407,-0.9664547204586396,1.217731332617119,-1.0868000610715185,0.6120584397425046
1.0302266245309453,-0.7108518766905597,-0.37433282700485104,-0.47538863050820446,0.5493961253783732
-1.0324029113140212,0.6713839179762531,-0.9180784493486527,-0.1301657819058389,-1.1478756856720786
-0.2257649022187246,-0.11032415034949745,-0.2409264767811001,-2.218773070693833,0.947151443051688
0.27682490727916176,-1.4133777793539641,0.43168497166355746,-0.41138936602172965,0.6255702188407464
0.41488447414080754,-0.5452516620170781,-0.8558436047718726,-0.49098969088771766,-0.9985227084884247
-0.29548603339818974,-1.380722049661036,-0.576088946623614,0.2837047714526165,1.7134077561350876
1.9983638317624348,-0.1769660198681466,-1.0800541555310184,-0.32393504090925374,0.4837093549986475
0.5731413114513396,0.36775748189176105,0.3775275435976215,0.39381206300769656,-0.6374963437038084
-0.2121661226043477,1.8611241123883362,2.360935525724535,-0.001093242502600423,-0.00016069144325867423
0.29364689921172143,-0.4046539663039723,-0.48339223162425854,-0.10449248495882445,1.3742541712066572
0.5981534259553033,1.0872246676460915,0.14484523502768615,-0.5939553517277785,0.895727328279472
1.420051561406848,0.9921911080682262,0.7372242965273837,-0.6825227524725159,-0.5563399133156418
-0.258381043613809,-0.5833303599382792,-0.2773853970835447,2.917931126147997,0.023634728720211128
0.29122352764376735,0.1389606367168831,-0.09691040565254448,0.6780664708471864,-0.7736197362281062
-2.0567185678879123,1.0804495113435868,1.4210671683801888,-0.4210414773836202,0.7012639504757862
0.9846018673695931,-2.1229934586011,1.6876166607912835,0.9976756723553973,-0.3311784692325144
-0.31073208556821186,-0.10867883013041257,-1.7451839973774075,-0.5174113329890171,0.08079985925828646
-1.1906871968740966,-0.11494774836674891,0.3409823835385232,-1.1327610578976712,0.4683101983503751
-1.7666988690082268,-0.43737479632332854,-0.20839983392095343,2.083328905636003,-0.08810346473912249
1.1347639755176115,1.2097663377042427,1.4581519964097025,0.7398245039898228,1.4290352451286255
0.024343052217829113,-1.3608225889510364,0.022717049365655422,0.6475328121170785,0.7199045669006581
0.47728054864213243,-0.7561710163179416,-0.522948979225584,0.8574451474888024,-0.445086418843575
0.9230824393135513,-0.6578427041134312,1.437877574040002,-0.03244603847110485,0.6406069648244148
0.9396011548603453,-0.0708857061839553,0.05254124605775417,-2.370951103409449,0.3452742433283172
-0.9104585506485814,0.8399243452188111,0.39498632977729764,-0.785743922336365,-0.9585241471123093
-0.8358431269553279,-0.9797583332342932,1.9989856691353844,0.5191639640617696,0.6936250346446653
1.0039431484275798,0.608912724372715,-0.5944999833907386,0.5100134769218437,1.5934064762878977
-0.14379460180455336,-1.571132664503998,-1.9527187774369865,-0.9424494188502961,2.2110953557969775
-0.19342192059257757,-0.9059333372159242,0.5282841997440968,-0.544555949071922,0.640462594461033
0.6474222214662979,-1.5169775820232658,-0.1155703785937991,-0.7917486189188114,-0.6382028981153779
-0.736834401667031,0.4543037919732049,-0.932611323960284,0.4145946536451683,-0.5291798584067164
-1.1479660300609846,0.4337819779580285,-0.5570474789088139,1.2318768491306715,0.10132583305065872
0.5330341371628485,-0.6935791388417434,-1.057185836644718,-0.9683741541783223,0.02911094421829974
-0.4977715183160101,-1.2923792141476993,-0.5852758975057898,0.22454366788406438,-1.6378923581880247
-0.10433168055076725,1.092171267954124,1.1769479696312093,-2.2328180064713106,-1.3593498981893721
0.6038619784887719,0.8694023082366541,2.1864005165517724,0.12243428270000908,-0.5015739850415062
-0.08858038715984455,-0.8544855497071634,-1.6059444995198782,0.7648006135060432,0.7355556712685949
0.8278454158025924,-0.6614805981779205,-1.1104170014232462,-0.5166841526547281,0.030604831330960237
0.4867171775063868,0.6519857551573054,-0.27618730558186777,-0.030695659328770934,-1.7773809590111644
-1.7059538330841553,-0.2631582906969358,0.20105565840524842,1.2992149171443161,-0.00869926572985109
1.099658849015481,0.2887103111201983,-1.23060943917846,0.4696666048728627,-0.3332095571468616
-1.39998230208246,1.327458598240621,0.6780824014246173,0.13320308718949492,-0.14680027610870927
-0.6014466613931417,-1.2828758139770495,0.5268977431388254,-0.4918614292016671,-0.08228502034955253
-0.017814655455334418,-0.7098528498204172,-1.2123083620138542,0.5557125571049604,0.1506904068464889
-1.1185946541907055,-1.829797714787507,-1.9796829717898137,-0.3471643825189409,1.8274390918629684
-0.04877217283143907,-1.884139872881524,0.043457778923068534,1.0503170781443565,2.4600176398967455
-0.11339762343726674,0.027567248098399114,1.6103826385056985,1.2417616256481967,0.8587739329860842
0.793890731571209,1.202635792819787,0.4484791156714635,-0.518514693436916,-1.1103024232285323
-0.6045670520534985,-1.3988199485754245,-0.3700740536753444,0.21432393943504768,1.064428130299784
0.4123698927457807,1.723104486421571,0.277825938336691,-0.9931480626394588,-2.624954424424613
0.19864710880263606,0.3889446385272509,-0.8397755843394029,0.07918348184340375,1.217173513268144
-0.5565300716680854,0.51612658308169,-0.278175913350134,0.4290630479061729,1.7106065517687228
-0.36805888746594184,-2.504268728564688,0.37958413281328734,-0.09139451721751338,1.1652476872075082
1.0782648974156692,1.4825577390203495,-0.3759025382141145,-0.7216305788949798,-0.49415428490753477
-0.384398987420398,-1.5233709180780957,-0.5156275952222247,-0.9406897402522532,0.5444743718525487
-0.018803054304461865,0.07826418817056613,-0.022440581390819316,-0.5945817844372915,1.2312273698283538
0.6823951268100429,0.67956785485217,0.2326166375537588,-1.0579535736883114,1.0745737598076892
-0.0610358029424543,-0.36045984836944667,-0.9521660163739407,3.272957253039276,-0.019464444532377126
-0.7358154147435513,-0.9100353744546921,0.10364885502526634,0.1395628342261541,0.7139581349377148
0.20030615652195366,-1.126331999748573,-0.966571706033381,1.658642324248423,0.985402293833111
-0.08066390953741952,-0.21566704580567803,0.9453904037876822,1.6729603197820848,0.5232406615965824
0.5822143893918732,1.1973510576682962,0.3435177331252447,0.2565126135341796,0.9379343187051329
-0.38982250465523016,-0.5696189257373607,-0.10333290734018252,-0.7680341331253402,0.8164350872634715
0.25847015523791883,-0.22218822289516577,-0.904633206444947,0.5779231434071025,0.5823497003175692
-0.3390123517488225,-0.36105924733854544,0.7539747864325488,0.9110742503056184,-0.8493661660201838
0.03581046544202551,0.2142615926539661,1.2966274416139438,-0.8836053274368695,-0.9969228203368147
-2.070554698120316,-0.5522378230193061,-0.7597915420809461,-0.5258667466762559,-0.685069037893767
0.4691812376812516,0.48610270684364104,1.0174846601526586,0.6459296245448272,0.9005042485935875
-0.4410215593311854,-1.5986985926583226,0.19299973335869297,0.8582658179112246,1.7763994203359492
-0.1888215426263943,-0.23735899724316456,-1.632175412915073,-1.7883863394088415,-0.6578578280673707
-1.2676734785889698,-0.3127546395430861,-0.07752501402185737,0.19656687501212233,0.7469381658265316
0.3939222909444882,1.6068738130902103,-1.266608668667965,-0.45983548258280943,-0.7287689803421347
1.3837072249662365,0.8246647506515014,-0.38455984578378954,0.027100757936192404,0.876178377730541
-1.2782174351359892,-0.8026859918285152,0.2012465107924053,-0.15656980846445812,1.2810909007644231
0.4760394379527588,-0.012840799264215812,-0.29714710482881657,-0.5969457114014601,-0.27538456148321677
-1.1839553169811126,0.8692373451801535,0.10581078448552461,-0.15051604026363094,-0.6023209662035497
0.049953920651064306,0.8547341002670265,0.6005292900822269,1.155307695247793,1.0216342127901314
2.191757065502654,-1.1158552936917725,0.021049780683489852,2.181962837009682,1.0203996332168725
0.37918395791345305,-2.256398761186127,-0.32299271832536863,-0.5461711907161754,1.0468288180357777
-1.3989649417717005,-1.8659669807840527,2.9677898347001115,-0.42252358929686834,-1.0061507032560661
0.6491920794827275,-0.31814893111547565,-1.5893197230309832,1.098658062202967,-1.290728399746629
0.6676908049489292,-1.0368442264941118,-0.771435010172252,2.1944636137037934,0.34213350846010265
-0.6112998151355243,-0.9745110574074879,-0.21441033564452533,-0.21763358835959434,-1.1986806902987643
0.7475034243360695,-1.4023170486791707,0.47429854441004116,-0.3783864459707034,0.932587665407862
1.6030084953021495,0.8089557956180962,0.42217626232453953,-0.1920089679467932,0.06140355044411435
-0.5594473924347009,-1.443797076385898,0.6526737884242958,-0.2607728619392343,-1.5379876408661235
-0.7671554665523153,-1.1736694718895087,-0.4366169369165399,0.7881636181506894,0.832713882784683
0.32104137868533555,-0.003740364045360985,-0.09874187766666619,-0.8332008137358498,-0.551445615640628
0.5767935961353714,0.20147606901552875,-0.9210613941533979,-1.4836785476130512,-0.2987758428071351
-0.4943784174464849,-1.0990320052240585,-0.2943912077042763,0.5538899850809978,-0.5589802317014626
-0.4532051218074345,0.621065542516966,-1.1115701802151896,-1.0566635138931784,0.7294627382043495
0.7877971694390913,-1.235832467614458,-0.2483299885885782,1.161217774514306,-0.3844884797405528
0.5092009708286312,0.3353275740591691,-0.20018511843087214,0.4029151660332068,-0.4829359262027892
0.18849993639176232,0.45974004217969366,-0.32733331149761385,0.6949763927233479,-0.40436821201051454
-2.634053249976052,-0.008978584101692322,0.32784763718002186,-0.07312600736740134,1.2339531496850673
-0.4473630229882466,0.19649562169577517,-0.9584488848357058,0.7655629238401725,0.331778055050378
-0.6914125587041785,-2.4057433955474,0.06899051408204608,0.2782067244431,-1.3753298450772946
0.23184211844557295,-0.31212917088338765,-0.03643674483062028,-1.4106796520090368,-0.20477829671647022
0.6868844342460259,0.44889240570135985,1.6688139762374872,-0.5817646325094077,0.285766135879376
-0.12896633672469573,-0.2101769309339562,-0.7188344516921029,-2.196365180707283,1.3389924011849277
-2.122320789944019,0.0013577978111648866,0.6353413017162378,1.2995255866603483,-0.7841592621489996
-0.14694879673166938,-0.6464711310645206,0.2674053034982413,-0.9634118365040538,0.1833713696912735
-0.22313506935670419,-0.4718935393560046,0.5733546780014049,-0.34304384731750615,-1.5574071988315923
-0.48427132721691596,-0.8410438716613953,1.6562813839164428,-0.90173492952372,-0.19658284168698967
-0.31949092209513735,-0.45138366138618574,-1.2060882506301918,1.2573113601847954,1.6820285694255777
1.0215724581211723,-1.1250880085085937,1.0526767918471909,-0.5849251639738051,0.4069521658142341
-0.32473634234056964,-1.741119093961013,0.4230443709863363,-0.671267950774103,-0.276199611909
0.30333595191517276,-0.04754843685461018,-1.6847475967785683,-0.6905430626452601,0.4252902986575718
-1.2455679408652822,-0.9690065355405953,-0.15456034417200873,-0.2095547154535774,-0.15875882538833822
0.5485738215083035,-0.6407186235307274,0.35908188705069966,-1.218291171567331,-0.6697158007760793
0.4456014506799609,-0.6503470543492155,0.5651380711631934,1.934502931002478,-0.6448530071255368
0.7351859017973976,0.5121282836790829,-2.0302252548656416,0.21270263086384547,-0.10592160754096717
-0.621047430766083,-0.7658242937327696,-1.6245340452644021,0.38399706639896936,0.1076161081023028
-0.5233689681063284,-1.0150611549083468,0.36265690612738455,-0.8336357256832709,0.20872820281222637
-0.6223620356105011,-0.15591683534804654,-1.6605700857858465,-1.0773881090930584,-0.0724681697713004
0.3746045441334106,-1.9474811246953958,-0.34650457046614636,0.19039957264004576,0.5435648314729606
-1.9961805550345975,1.9812052937077043,-0.8156237017789495,0.17323460164919843,0.3249392151595967
0.03720941279873801,-0.03051332787937137,0.35419112338810566,0.18680245477230156,-0.2076224963734021
-0.4949580064050303,0.07062648500530397,1.272222941118643,-1.107542808940761,-0.06416733496597632
-0.10258326818944208,-0.7125305452764962,1.1602144947639703,0.4104448063533898,0.40536431647137033
0.6009764210070231,-0.5237453001572215,-0.3079747340921829,0.5570515393884191,0.08198464615859921
1.2259023887197709,-0.9878287633647784,-0.8842546825027574,-1.6075879426530024,1.2913499737373535
1.778725593783075,1.2449127629147851,-0.5438674309455452,0.43009711223166097,0.9963850274054136
0.8795657058783477,0.9157041112434182,0.27285106601390297,0.37364643968491706,-0.4126508431154722
-1.3351309023162463,0.14166239170898165,-1.1616219537246883,0.14495459989073803,0.9759661614276082
-1.4656975160814996,-0.2111054015521411,-0.5226366844858997,0.04885438509761264,-0.08511614798200828
0.31312460797485087,-0.5446933395078446,0.7157866018742399,1.555347285768604,-0.0642441078104168
-0.7445539472441213,1.1937815347003835,-1.983294684631102,-2.039542122488857,0.5847469658430012
-1.065804317362394,-2.428385732690298,-0.445105446135426,-0.20250805209581751,-0.06729011133770561
1.2619898559133416,1.3659769278472422,0.16447734795113164,-1.4034310375538106,-0.16477877938611568
-0.523067019613538,-0.6009672289609628,-1.6847846921638872,0.7847549058492718,-0.9335035277768245
1.649643809577855,0.43286873647452717,-0.8116334775850096,-1.8912104122254927,-1.6685850848746382
0.5160640618013337,0.12290260953038921,-0.16417903825793875,-1.360018157550004,-0.03924514263006639
-0.10834482382656604,1.1220427257506096,1.2664196972009856,-1.2327323632714169,2.105096088155621
2.2198364248062834,-1.0111288266088438,1.4473562254789947,1.49243569003884,-1.9441605883996058
0.29748728222391263,1.1852007099386543,0.22465033600584347,-1.4740655509836202,0.7523889944848019
-0.22128104643476618,-0.7604928039139272,1.626472978860268,0.4365689192207149,-0.5464845411835776
0.3591789618458358,1.5641704685797804,-0.7134853007803444,1.1653871214840672,-0.38411056099674384
0.9883610478449549,-0.7039031608158897,-1.2859993115376553,-0.6796062669819375,0.3482271967156548
-0.6700310951650237,0.19057863814325673,-0.4794271361427644,-0.2089028865259846,-0.19341131347372092
-0.2298654238780802,2.2534115209970116,0.4746232080096919,-1.7473886449882963,0.9047446385166007
0.10487337626027964,0.488420700112402,-0.07705998531262888,0.10250653951889262,-0.9138673913012302
-1.15605666219107,-1.5389592595706258,0.3483577293656837,-1.8266980027111257,-1.2613063206053712
0.11844321701764739,-0.18054335705610514,-1.9430521644534064,-0.9557115210687941,-0.3142519963009533
0.22587036862926513,-1.9979055986848884,-1.0004402075996048,2.290642437382283,0.24154454654446064
-0.5446453606718965,-0.8771782086400917,-0.4960010800933047,-0.13255558704686077,0.24993600986861209
1.4638035131601348,1.153645164160974,0.9863771592670576,-0.3041970249562533,-0.5839755609942251
-0.46401942840150756,0.009723465063631347,0.08935646866385422,-0.474231619815072,0.7006932787239394
0.9018707111175285,-0.33268689251285405,0.4026593887836656,-0.45844419681155646,0.1482377423911812
-0.8304314467723436,0.5432685905388269,-1.2613081912531456,0.5948928540897022,0.6663911872238255
1.3546131818135463,-0.26237237896967597,-1.035631474094144,-0.5484709072457518,-0.7035957572588283
0.3420985765574955,-0.5739074414165165,-0.13075311242029658,-0.07252399825095379,-0.088750833559196
1.223201191843469,-0.8558210044506642,0.6974884560711826,0.3070294863187393,-2.4207705715101704
-0.9785696941971818,0.6567771923734114,-0.9051001605294651,0.13434939948105018,-0.4702284613387262
-0.807441944788282,-1.2075747340908742,1.9310460964238445,0.5044875813656586,-0.7252427296426109
-0.5142726042100811,1.8224199185635153,-0.17624455805727446,0.32752176443656794,1.8341340793983651
-0.5821821025884671,-1.5001244798311604,-0.7793389342862728,-0.6850971727276628,-1.3872867108665763
-0.030513233186750054,0.5918387260767826,-0.28696621753509804,0.06978160586648355,0.7511764906979248
-0.07782882526006234,-0.4032995044016536,-0.10227764079144734,-0.12355771862910417,-1.4855405283388494
-0.3649223228640435,0.3131648464027132,-1.4560822333400871,0.795460136956128,2.139907019985748
0.055298369898035445,-0.578154559331646,-0.026004171989971594,-0.6364839465002208,0.7518734124206635
-1.1794145792684934,0.7971606155079896,0.42740903123955676,-1.6657887031149137,0.21387674242321794
-3.0544838060606128,0.6761013322741565,-1.1616050941667995,-0.7751146527706176,0.6733951077317054
-1.257676608352836,-0.009646764933253973,1.2497838970038198,-0.5195369763295394,-1.0611535340404132
-0.6677634084613879,-0.5845660690840025,-0.24907634788653893,-1.1697925548065218,-0.337924680148864
1.099374713851357,-0.1741140820469976,-2.410031504599533,-0.3482566657867255,0.7184871070589676
1.8439283852395059,0.1023973084358394,0.03653057729074322,-0.4356273777962714,0.30547038461319226
-0.4698340246551146,0.03145750277499365,-0.3246873702841095,0.22367248848470542,-1.1257457060069969
-0.4947819164664469,0.5745371311983651,0.07462774266280617,0.24715187577523037,-3.260053296500251
2.2846117538901054,-0.19123709180116918,1.1438395307660003,2.045687355416728,-0.7305500412421527
0.2976706749350313,0.6901768846107513,1.3319041127462337,2.164328200238118,-1.1665771220729133
-0.29807930497829166,-0.9873249131343779,0.05967179629574018,-0.15153189742157233,-0.7265602711356788
0.9011605737531972,-1.093984546160673,0.38909808576272065,0.8952357967686497,-2.0728584142055713
-1.7531645038779085,2.160263659509911,1.4391620648025665,0.8009134250718336,0.5468487570936881
-1.8161720258639091,-0.37264852070720367,1.1757323687982961,-0.07634472315845331,0.42439197928849753
-0.20436223707586773,2.1176939510847683,-1.2343459451038545,0.5885633562705462,0.027717250090145352
-0.5409141236806643,0.5238370276526816,-0.04951030050442575,-1.4035333882845349,0.42468948052642985
0.1956408348005322,-0.7528090467092765,-1.163406165248027,-0.37501740820275714,1.2990510073220487
-1.3122493967329272,0.09504041198578411,-0.6658428601152949,2.0373458028627125,-0.3458977860700841
0.12278222310755317,-0.7837165380426329,-0.13660374362100675,-0.0986324067432127,-0.09106516533700396
-0.5853589412257872,-0.4461892194000877,-0.6351079494738574,0.6905088420995797,0.04047950990202675
0.6528951769856696,0.3948584000049728,-0.45546944229145214,-2.136859110444389,1.0379653953767778
-0.4548165511655481,0.57834120534521,-1.9031770024041814,1.5459380601533599,-1.3829047736711622
0.4811054575271709,0.29830157450266853,-0.394416951421573,1.610865945155787,0.4918769718127083
-0.6029764665120411,-0.0643505690317198,-0.05343997459728132,-2.8319594830463246,-0.48925992173658056
1.6245820120027652,-1.9955829002108274,0.5411571854838286,-1.4540501730665512,-0.5230541175215888
-0.4266850452969036,-0.42752935711676376,-0.6223718710254177,0.3350765165735025,-1.1753729970213305
0.43115644881663256,0.10270678823717283,-0.7317071205492462,0.3727588785361239,-0.6106467117158412
0.1825859947486856,-0.33908423702548507,-0.07370700243695885,-0.8866393446635861,-0.7102438322707296
0.7807689494396342,-1.6693036178018297,0.027216197806532946,1.1557991583032565,-0.8262958014231028
-0.36607529866919813,0.3601232767359282,-0.027054163175791627,2.1825620213124526,-0.4942274684454284
-2.591512409480197,-1.1425813249351582,0.9784212798167454,0.23814927198723237,0.8828644172153882
1.1454141927941799,-2.587158883572109,0.5921840921735104,-0.9741519839688929,1.254431788823159
-0.4093259435949169,0.8038448412172775,-0.7225551074182835,0.7480510688428752,-1.1166875492218042
0.0038157826674262824,-1.042895782907783,0.9697213836004966,1.393298277546596,0.38779598758820677
-1.9071869234133507,-0.05537906003670628,1.4231305533721446,-0.439138808307884,-0.33687990529931483
1.8005375000179855,1.0394597958541434,-1.512112183840125,0.23373050193170553,0.5104586480417685
-0.30748246260997364,0.996500131681559,0.6241903199505394,-0.7573631511998964,-0.1141151642158982
-0.6545470960093036,0.23555824180134063,0.2985518247841042,-1.5069808298406107,2.423086494630678
-2.3620661999307013,0.22436666097014835,1.155239188412701,0.9287360257467593,-1.1354987972603294
-1.220155976242499,0.034579298193516024,0.3669043815116499,1.195777216630533,-1.758434198049249
-0.08701884320309154,0.4872125352580283,-1.294897700230312,-1.0320775645038085,0.5035125309233481
-1.3032098725599237,1.3343746208676583,0.14140795149506163,1.1696405090554554,-0.8421449682771418
-1.1116031176110406,-2.5016206775748175,0.9255151082418349,0.14933952053698168,-0.4626031760942662
-0.31730600731109015,-0.10097939837638899,0.7645189900308108,-0.34240970687429956,-0.9942132524893412
-0.7881509352473458,0.16052431570285358,0.28398241718741196,0.6278190848226556,-0.7890833754511639
0.36738899104871625,-1.103632468205399,0.9319038695319036,0.18916003567458028,-0.4836708343201505
2.0887459227264467,-0.20179335465346782,0.46356616730795375,0.7660788714855651,2.118521585916941
-0.08820422776819208,-0.19413546277812066,0.9228475586884063,-0.7161573257173716,0.24650009742111606
0.7522373336900753,0.22356108337880987,-0.24296376549438067,-0.8598857245308376,0.0022740437010674154
1.0414584560391444,-0.4898322092872134,-1.5547776778747597,-0.34995496145737315,-1.2179502785561234
-0.0825430470487502,-0.5860580732747144,0.27540726586132624,0.5577636812062485,-0.9239616681610447
-1.071625158760732,-0.523293527748531,0.32166432511797743,1.194007203767469,-0.4932838379618241
0.8720925369585478,-0.031529997576553837,2.2307850898069335,-0.06283222269606813,2.87473536778293
-0.917912414926473,-0.5605475247704844,-0.11450963728490247,0.836469861651903,-0.32585169946289255
-1.2288729672786962,-0.1348243561321026,0.9664555699899484,0.14269203514360904,0.2511107574562247
1.626205091528342,0.8825427505721473,0.9774556488899786,0.6465725876956566,-1.1098696003114499
-0.47608805386711517,-0.6049305609801029,0.01956265727407353,0.7765846374204716,-2.312818865539678
0.3161066499726601,0.18092993945166785,1.2094690177651861,0.42308791408196594,-2.2347979367265673
-0.4531930890700401,-0.30233035146773907,1.4830074355525302,-0.3667392087000938,0.37971011233313706
0.17923743831303665,1.5930738937768438,-0.1456770793485681,0.024075567024613775,1.8337532592232908
0.46214155604108886,-0.7649223397348873,-0.33932865715159755,0.8330702405554465,1.3291496210697742
-1.291006516252309,-0.6382521487790774,-0.2656499988896652,0.8132218035947127,-0.3940034133956201
0.6487671284215107,1.1762323845764628,-0.037345265518257766,-0.8660169869854487,-1.8581372548199016
0.5348532360390432,-0.20430726815370095,-0.7623332829997842,0.5395663752369051,-1.597396439652407
0.3841901681182423,0.9715012019836643,0.3901425875506679,-0.457635808885024,-0.5707304407435283
-1.529749938203535,-0.2903122309329167,-0.7254304771263079,0.24592502274744646,-1.7650021224545958
0.10770128037303725,1.1557355594691812,1.4328655330594136,0.09241906144466754,2.381535863828992
-0.13581420140444161,1.2354808787351743,1.0031019584322842,2.1008581172281278,-0.13916007849054202
-1.2667755010242223,-0.7285965191104784,1.0345274909490136,-0.7093698529195313,-1.4628120076444675
1.6244773674515893,-0.525339044781681,1.05304948312223,-0.8526357436872737,0.9830922438124118
-2.239853689662676,-0.27675642150621654,-0.5809069737053713,-0.4816427810725546,0.1937981496032367
-1.8097272570987684,0.9054675469285618,0.5792772437588887,-0.8036766837176373,0.7074915352970227
1.0035505016537267,-0.399730495779926,-1.462931516814541,-0.7796726184933241,0.23528092562471992
1.4587829847505709,-0.19826273674868686,-0.04696352567017181,0.047828447287726936,0.2480505822193827
0.5436974748157531,-1.1294552598783478,2.607008118719788,-1.5071740692624556,1.4708291648715344
-0.5551162437579173,-0.03111212690506114,0.5261386199717275,-1.4596576285242133,-1.0393855652374704
-2.1163492675884075,1.1606574051246237,-0.9826165101004142,0.1259710931224305,-0.4719004064723635
-0.27899258982590086,-0.5834678104542999,-0.7484091761389547,-1.9093368272419386,-0.7994962451402382
-0.2625421493147671,-0.5794532015146878,-0.9793805751292318,0.17046371694748833,0.02179037015467658
1.0080218602280235,-0.21644476949876507,-1.613769966503259,0.14849669214414557,0.2602100969955992
0.935039022514386,-0.7845590943643723,0.714376426240553,-0.4336788812855324,-1.67538381885713
-0.6651641341812777,0.32316303244229083,0.5782478094055142,0.590265061395504,-1.6554900526872887
-0.15759089726863687,-0.35314135764564897,-2.722038973154494,0.17033666945665987,0.8016690855340081
0.11369605764250955,-1.1392429607451637,0.8429547189291657,-0.5353770822812323,-2.2039901826552684
0.4880076403904301,-0.1566324888891735,2.1140281420706852,0.7119298566754082,0.4658289144229461
0.6667220510684164,-0.4076012573570573,0.24653757737155305,0.6854726944443756,-0.39049109321861286
-0.06701356358106514,0.7118660585376766,0.4888967299863936,-1.3063563498440103,0.07683657749573064
0.5354321772987588,1.0780547321295142,0.0744459316117674,0.08923729981105505,0.31760542104886236
-0.02541880177354779,-0.1892425247639421,-1.3116065808943143,0.40674399172438763,0.9763929489475593
-0.22411405878746177,0.3986891472946678,0.19196312313043445,1.9004823973443017,1.1896484311528948
2.4996723485243613,0.5816308104060873,0.24530915910485085,0.6438276804073267,-0.02928438760018482
-0.4298603785538025,-0.10035947077454996,0.7613313435838731,2.317213895016515,-0.2195630809826311
1.3726208584698256,-0.9520179921845602,-0.2796942383335247,1.8569526547904116,0.564611689167734
-0.6026567759191099,-0.9359526677913619,-0.5137747318402791,-0.973519048400195,-0.040447449520317376
0.7864137153493914,2.05549582471724,1.624244537391752,-1.2587680355714423,1.284731644572549
-1.3445760571414551,-0.27957802407098326,0.261783528680481,0.25216187836858067,0.3144707148990599
-0.5681697840783854,0.9464602519415215,-0.1872429246847248,0.7099761907629515,-0.8214707583443953
0.3200732783162471,-0.8547952974699279,0.9003276883276489,-0.09187810656003674,-0.07713233273347764
0.2991222513945646,-0.2653182547731344,0.8906440075663044,-1.2011931737148263,-0.12508213318751152
0.8380337942842021,-0.20703514438540888,0.9553686622853226,-0.6534245765208245,0.326464129305066
-1.2300685567958258,1.245595343329653,0.01206173345478932,0.21873363685516878,1.1496632594273881
0.8242239145488478,-0.023418780897976794,-1.4574643897904733,-0.6811103369855186,-0.1997853162178367
0.8231339700539115,0.2048841335246311,0.6931243096610911,1.2945070015930493,1.0560516432460076
1.4765699387530116,-0.1833518167930647,-1.537481212055436,1.2978864724172086,1.5293048424105604
-0.5997486043860494,1.2919234082131807,-0.5888460652159376,-0.22062525219749882,-1.8184014178227939
1.2232202666932228,-1.0748090904167242,0.08608828627465723,0.659116951596036,1.8232139171065889
-0.18235145846345902,0.26805226043109914,0.2995362308477173,-0.4946489825140393,0.6639411200196127
0.8494916682044243,0.261354285370516,0.24511816256026295,0.5305334058540483,-0.6216868414360894
0.5294208308403965,-0.1516397585880697,0.37971942698760336,0.056011074826024576,-0.6890868426186386
0.21579139132531452,0.19585625727469017,0.35244280327419397,0.3390917072850781,0.7411667712730201
0.6912084731285575,-0.5229686427685554,-1.084796263358485,0.28079827452149836,0.037851489038481415
0.0352551995358936,-0.1562563959755866,-0.2790745521681981,2.2977179650491864,-1.4905395844854872
-0.21124731719496745,-0.3865017872094532,0.2259174775676339,0.5918823442733943,0.6573226112009561
0.6386139796576877,-1.1500243711437168,0.06586551573283828,3.4199184579154003,0.4658013318780997
0.03122995212601062,0.2685071832125126,-1.5661201565893703,0.3608855681804674,0.7548479453924162
1.1691560602487443,1.3969452033960728,-0.7743619678390544,-1.2373127672068027,0.28345325170035923
1.9735367342492836,-1.2173131800491874,-1.085790342527388,-2.551169657297698,-0.38513183034683124
-1.5356636167023268,0.7727762007060531,1.1935211787998659,-1.1951915627497696,-1.1957885961170251
-0.01962022822004935,1.3753567890519374,2.6598312631859105,-0.14647856221264888,-0.772764148683237
-0.11390678527618908,-0.8263860982900051,0.37979540232339004,-1.305360686739883,-0.27061318638518306
-0.9169300027732353,1.6113378009194679,0.09362899205161217,0.11773517540916993,-0.07485934922602237
-0.7242996229153128,0.25365440527086436,-0.47642245320444265,-0.33209978957846964,0.7700265055180368
-0.41279727350241247,0.326904258057432,-0.469582452716376,-0.8237375235384762,-1.4738469575102586
-1.617872907625345,0.13278038426623787,-1.3148314539023152,1.337909198982638,-0.7385918029858376
-0.2878119523703529,1.388742010765815,-1.410044807709324,-1.0700270306932607,-0.3141054427549942
-0.77841594441354,0.7476597785336083,0.15619759063072042,-1.4669338869746589,1.701829788559004
-1.2656947643136318,-0.3339206431818183,0.347017703818527,-2.164723207814041,0.9153583918623098
0.48063010432811104,0.31378781725419264,1.5142603158743069,1.1234118440661167,0.35273519165093337
0.6298037592727495,1.580300219739866,-0.0930302207474796,0.07421897387354247,0.35459552268928873
0.6096598701504584,-1.1090135497900229,-0.3474491388893463,-1.1868888648423737,-0.1666278388093224
0.2679281613800258,0.5058524135589888,0.9540085295701745,0.8717892701435199,1.0437200624645009
0.39838115780948646,-0.13138000021806448,-0.9874235928075304,0.9116942920727437,0.14679395849672394
-0.9216015766785534,-1.2449940917324895,0.3203025896354592,-2.363591560286249,-0.15279808203148007
-0.5962437103350913,-0.8400236678357731,-1.5736521400778403,0.4290365705248021,-0.5092891134764261
0.34168003441759914,0.9648540263756106,0.4741038651280935,0.7200564739537499,-0.17135433637623584
-1.1095410099260579,0.17338368793011574,-0.049443677410396375,0.7193135231717849,0.825627067452416
1.2523032846509006,-1.278559379624804,-1.0082471631629497,-0.6677145737657031,-1.4899976030353272
-0.7600114534276299,-1.9809804708007708,-1.7953411977957425,-1.1998723596856633,-0.6565599999703262
1.1106998646979354,-0.37534863391546797,-0.7409931185457747,-1.7119649038391394,1.3077623313847817
0.4265072044463013,-0.5574164234788137,-0.12502624451243052,-1.3546574285358006,-0.9814942364850784
-1.9369835132879338,0.24290333470309483,1.4241457950822622,-0.6608194663541883,0.8814975120587586
1.6477580785935242,-0.05260025204465995,-0.21476145805315544,2.0154050286794702,1.4583576844390282
0.19285648643198378,0.9557833063610959,-0.7187033799759777,0.5151670964870655,0.8983879645905627
-0.8222711288581583,-0.7153541447790059,0.21005788760329355,-2.121777394730442,-0.3222007345431475
-1.1481631497620703,-1.1937263932042306,-1.2649551572082998,-0.6862862141305291,-0.14842612856845094
-0.22611568815894198,0.478761348156643,0.8626334984492521,1.1869210521002285,1.0708981187814952
-0.9927138017990049,-0.15490731730850368,-1.1518440202035451,-0.722362170323527,-0.2353945420343232
-0.5049112804092384,0.45395962229733533,-0.24361171732209982,0.7963242559962193,0.35995630738421175
1.0607559880209083,-0.004267355659881727,0.35104952717625226,0.8896333268310825,0.47559796129194853
-1.5213977886779546,-0.6945658827491841,0.8476415582771832,-0.7471835256896501,1.1315992124177843
-0.10969686012718952,0.23686790378260797,1.990272074846391,1.1555841772293654,1.323359623446725
-0.2875737212371583,0.6746057724163413,1.5270954728218915,0.7822934639355654,-2.120865597494346
0.5112351751444948,1.373393171170387,0.6616369978820587,-1.2358862915936422,0.6434325877228184
0.9102601300618567,1.4796274398500027,-1.2856343139026476,-1.0527736403911554,-2.445679316727489
1.4387244325090602,-1.21111012185056,-1.3591326966149608,-0.09377199542194692,-0.31436959340061527
-0.30247717962816245,0.015105424112176665,0.04646029817305334,1.0204199111527659,1.5776456516041375
-0.11948332568254506,0.22701876185413106,-2.259853456024198,0.48033295651489905,-1.1974999999374747
1.4490555921347748,-0.49761654565916014,-0.249020968893973,1.3444334926058314,0.4842877760350234
0.36963229426136035,0.37054826475690833,-0.7816627816223579,-0.6097458265921007,0.9761288687573959
1.1574821170315743,-0.48857352246599106,-0.06962062937504022,-0.30318690765804573,2.092619722924315
1.6990161779276522,-0.491620157163158,-0.08069259555468175,-1.1011118298396991,-0.5841068234752756
-0.37253263816579635,-2.505243716940676,2.399210357194577,0.14077227337334464,1.1334539154241492
1.1810439123127492,-2.1512799351870404,1.0680258529393194,1.1408967962131291,-0.755490461415505
-0.5734729363319426,-0.7432977596242045,0.7496308085486195,-0.5600859354788978,-0.5140788149740171
0.24340508972122268,-0.6633555442361817,0.47469544733085006,0.513489259544925,1.865772992338964
-0.5022877662213197,-0.0922698753196407,1.001870729652407,-1.23696589270743,0.0013630421212908542
1.7641089352120984,-0.42296333565295335,-0.9642001267421704,-1.3494937316715883,-0.3557517950720988
-0.06872402077766544,-0.1916502339736736,0.7343929548540254,0.14853530762122202,0.580826214031261
2.4709613009785185,-0.6260445586347839,-2.494110691084978,-0.42376469723103066,-0.3189384206410963
-0.021978640534895566,-0.6567419206623224,1.155341625182178,-0.5139963425345508,-1.287836846499191
1.0177425332472934,-0.3952227644333002,1.2685137796415709,0.06461689373727413,-0.09137556458130719
-0.6789453226566101,-0.8450374050068723,0.2128652138612851,-0.26639302546986443,0.33927446545398005
1.4347240259278167,0.9914525774640505,-0.678630995619565,-0.2673447393512925,0.821388730465319
0.8058036487810493,1.214090656304881,0.5512256290893048,1.5171335257533884,0.32937250653559824
-0.8421067026792043,-1.1697202114564764,-0.5865366095481639,1.045479489380107,-1.616099262716688
0.5501918077379024,1.246970747989852,-2.029898420707611,1.0388337631138562,-1.0766854687470149
0.7675315315006465,0.25429844189498846,0.8806879493482554,-0.3377036445880199,2.2657216810605147
0.8472132837134182,0.24946345699332623,1.771010575911144,1.454208916809783,-0.3815849465974558
1.1788153340849168,-1.2748316396058543,-1.6808398397452509,0.8361707367147556,-1.6268136879323902
-0.6373546911956224,1.5323511893714492,-1.4393683742728587,1.1101608547682071,0.5927449374067342
-0.1734708185184953,-0.6855317456110493,-1.2896518114678703,-0.7508910561127042,1.4283304538646553
-0.13498708950362318,1.3574063894633401,-1.1805284081253127,1.0242161971218724,-0.06322688914729718
-0.621252051272144,-0.2818759934603083,-0.07879943639541222,0.7503359328289756,0.5014884091215343
-0.9477752301097941,-0.6319873996101626,-1.075116113637788,0.6311386766610946,-1.377318226955191
1.558829643861697,0.6765354454106751,0.08223645233036042,-0.14026732051182944,0.059843424482326615
-1.09008286200275,0.025031551585803846,0.4371121312943469,0.7187700320965317,1.0606391078686288
0.5941898353164798,-0.7264631597834339,0.37307294088535403,1.1887788794047653,-0.5471274848824705
-1.7013769025285685,-0.10111412673931745,0.2640613169604842,0.39389526397368196,-0.3618978481508574
1.108369111469613,1.3363509310957635,0.23706183329811453,1.9286483741846248,2.5467936257166337
-0.23558277651319354,-1.51909034398408,-1.528679801233138,-0.904889085185476,-1.5397990445524257
-0.7106354428349322,-0.2301968099825368,-1.654219809293942,-0.4335697199716941,0.2122423633273851
0.96517448832534,0.4968057483859195,-1.2049583823365926,1.3399121909079799,-0.6066028840954367
0.49503016643162334,-0.7393870516284957,1.1017249170253613,-0.5991147719980484,-1.0580860654742514
0.5292046928235967,-0.9382824356680428,0.17716806176406485,-0.7734941214590602,0.5648729780116561
0.6005612048964714,1.189198969268771,2.8924244987159176,0.41667239689295366,-0.3192574688417966
1.2394136992869274,0.19881635273393136,0.9544944571233578,-0.08842881970499582,0.26023694188318475
-1.1664597558121543,-2.576100866731701,-0.9544275210833166,0.2558818402089397,-1.2229189099085578
-0.9529215885701747,-1.777940911747914,0.10986576616381627,0.8526930772890303,1.0283865091145474
0.28200467650015626,0.5318964922851034,-1.8273272899140198,-0.135638602702166,0.7478735700777916
-0.30879857775764263,0.56165296930301,-0.8042446189926741,0.4659973616263309,1.1022085218317266
-0.2461977946056029,1.9462068971519215,0.6028744968867665,2.221845062408865,1.8792567637192943
1.7066061134325603,-0.7630928949103561,-2.1686269152860627,-0.30647248137558153,0.8937308012493238
-0.8991759407310936,-1.5549862563079793,-0.8362201444916523,-0.5695651454061851,-1.3216150076607889
0.20199800255920408,-1.3868094056126543,-0.0961949059680145,-0.8213129560953537,0.6276044291426486
0.8603167375267186,-1.479596550675266,-0.7579274333287142,-0.82700448827234,1.2665145699551599
0.5404663395789966,-1.0878478129179134,-0.3175730444260853,1.0836825746309162,-0.9004049844720743
-1.520078827108373,0.6212058924824494,0.33888406017179024,-0.47469687860097176,0.497519379350244
-0.9482141995467417,-0.33665314645422884,0.6797611198782669,1.2092377751879113,-0.656278925269239
-0.23246556378311337,-0.32380902506571724,0.1323009646898132,0.7180267841135738,1.2548574075539662
-0.7856193262053324,1.351592347992918,-0.4161727058338656,-0.7625505032077402,-2.1193675422181824
-1.1712323899529704,-0.7656601736361136,0.40113384611561487,-0.8355330312443321,0.40254742811560273
-0.13795950330234993,0.14538271394696115,-1.5148367689332294,-0.00027451535855809177,0.17506707226115698
-1.0971728683878985,-0.4873877891539137,0.9321877473348051,0.8930088551381133,0.1412851826480696
-0.758352039688199,0.28200368807316595,-0.3504541124068508,0.5023924697331843,-0.4333676624323602
-0.17352642093688808,-0.6966737458368667,1.9016181096601303,0.8097116631440637,1.2186595153140376
-2.373849220053132,-0.030741948565803465,-0.8656903686192593,1.861557739702081,-1.999960540167171
0.9269578966636642,-0.9988666501477302,0.19664758645874386,2.147377077033408,0.7919337404839883
-1.3682186881490292,-1.2122009294893101,0.6422716867052937,-2.004389684483344,-0.18292173311062482
-0.5309013524595431,0.6686058393596952,-1.1446012954372888,0.5498830902279269,0.06750293900598274
-2.302703481094893,-0.2647438136397001,1.1821828169436943,-0.0562457184252812,-1.395909213498942
0.43897057723083127,-0.7783760868787404,-0.3831359930004309,-0.37584721187502185,-0.29376287388273864
0.1750177763121634,-0.5883404541857237,0.6532607068461274,0.15801263088744016,0.1608761544068958
-0.29532445403123436,-0.8115557675001995,-0.9470871914741763,0.8791314635724921,0.4034817848864295
-1.265925163373391,1.379140795065231,-2.0100891123870106,-0.5077930219389303,0.9740005831685241
0.8713911900021167,0.6114127965957978,1.0984315399562234,-0.6255926067117905,1.0717360560925213
0.845136497798683,0.7218104940873357,-0.24043114489041498,-0.002424072691657049,0.6506226627014415
-0.6886464296744653,-0.2570310246105734,-0.36780094616548753,-1.3037140036542154,0.772672920904501
1.6716489679314381,0.10407466290610011,-1.4327269765084127,-0.5599982354941427,1.0810675846771258
-0.4360175397191693,-0.4126640464957165,-1.1792960315259031,0.4862819228311753,1.417152516109626
-1.8062568446655263,1.123940429599803,-0.26818377038585717,-0.3097502622474456,-1.1478576807653336
-0.7789025062590813,1.4203906761467382,0.9790598783134505,-1.4280188325249021,-0.5274553206415927
0.07807153628481703,-0.8399415942564642,-0.8630454509652487,0.4088971568660684,0.8029126634275614
-0.049275976893016174,0.6383192650015336,-0.38770496839786145,-0.03562890245061366,-1.0825328218012467
-0.508110690854768,-0.7553619267694227,-0.06719621358911335,0.5742225701571226,0.3440210097494744
1.0629512979727682,0.13156547916531505,1.549202290025649,-0.699261598780722,2.367734135664765
0.5503153198091578,1.5042888177376113,-0.12326056663326211,-0.7612329302711097,0.8033088037186398
-0.720755144785607,-0.46486092111824134,-0.6691258444749736,-0.7305881423681366,1.6529788445701123
0.16396366233135806,1.5680087050693703,-1.2337131674704862,-0.6252647210295453,1.1270637026975814
0.084624778752484,-0.8842506890208135,1.4187411839892734,0.6082101309523937,0.08461444200236073
-1.1126212061325096,0.107722638623609,0.27559560187663545,-0.8963153411701948,-0.4639311449589548
0.09831489202905447,-0.7935758387082614,-1.501473317393639,-0.4557053569112979,1.098270624494753
1.2553680251853203,1.232568286777043,-0.07427048605216194,-0.13815626374019171,0.6501156792315973
1.355555352708214,-0.023631101593759914,-0.6907033654089492,1.0858282140100584,-0.2981543387763293
-0.5220438744435643,-1.7240662537360851,0.5228639634170361,0.2918655251897433,-2.6121139229837795
0.6388439645454239,-0.589258790939905,-1.3924846144704364,1.1437935558916805,0.257169794469402
0.9221528270555184,-1.792184783924276,1.2034881193010076,-2.087996915250234,0.2044870145085424
1.3876379371344307,0.6352761630548784,-1.4634125439030758,-1.898662907413931,0.34481697609742956
-1.2062086928792892,-0.7423727911501413,0.7858741641759587,-0.3470842620289934,-0.8854384542865557
1.489663878664566,1.4060181269859255,0.7133663929592851,0.04044539061052515,-0.4933145749343574
-0.4098815613683344,0.2578480819732338,1.858128474577678,1.2410363655004215,0.5881547244513063
-0.03320697390608907,0.27584922421856695,-0.6709052615711778,-0.8894610818173796,0.10740947527495388
0.0728924782656972,-0.5729651366023788,1.4521084746523585,1.0406689934314814,0.4439055762614375
-0.8168317944853011,-0.7959443419995454,1.0061008541159993,-1.100192907912854,1.0918961927754132
-0.11985500121643389,0.8780351451373395,-1.4291147142309286,-0.2183889639463152,1.1631194366023183
-0.8062283389072343,-0.9130008297199602,0.8322827646051238,0.49574830769482736,0.9436810574859626
-1.1173849359146648,-0.059961446045603765,0.7922978127512307,-0.9073622983381486,-1.1807596932064024
-1.2443771787813842,1.3913313169971542,-0.3021616064771207,0.6427264069515651,-1.2868693727578757
0.29781896529100943,-1.034948941001642,0.05887939109106718,-0.06886133872230357,-0.9032141226322118
-0.6770777165469407,1.1789189034143015,0.7018660931213976,0.9226248428285718,-0.4637558598865246
-1.028728185144896,-0.445244658395632,-2.191950662167572,-0.23413770258051098,1.073655263461149
-0.5532850716691375,-1.1811067841663154,0.5555530808956375,1.8179579832464798,0.5919189534514554
-0.07485377455930828,0.7127583325911683,-0.9130756408295534,-1.216874246559343,-0.5172396653527286
1.4864835456246837,-0.031392307201538586,-0.9201979734694532,-0.20815562557571166,0.5766064897404284
-0.8388519327910436,0.35736411583912125,0.5593926521908277,2.2856012428479526,-0.036530757296830835
2.8279451899020787,-0.07795194043490625,-0.5478440658485478,-0.45595219142491283,0.42653628881504246
-0.30603108752522046,0.6894095948304214,0.7286820301650567,-0.419266780414969,-0.13218228205473426
-1.5529251436243303,1.177086636719509,-0.5558306410908465,1.0643641061243512,0.9174835170442588
0.2330438517039443,1.300916402768319,-0.6747792676440394,0.26929602038065215,-1.072474369764922
0.8714264075160211,-1.330096287494746,-1.590484815775743,1.5012377565748893,-0.988621242942253
0.8324665209285387,1.5120738772813864,1.5108656658232102,1.1525155534926206,-1.131749081640018
-0.9811934106173952,1.00512493474381,0.9571084057298206,1.2216207219197661,1.317536062082839
-0.2662530859315702,-0.11784727002640133,-0.9932491642456223,0.7942171351901797,0.8151478905576061
0.04987253582606999,1.6004637338746495,-0.39318142919248344,-0.3847704106175384,0.33382466054538995
1.0500084358272652,0.9179271227039465,0.010835992671357365,0.7215650647366285,-1.2173516661071253
1.9038352011607809,1.945236506641381,-1.5780012951380227,-1.2477139563989232,0.5504204851126384
-0.18791850110825647,-0.9809404608399546,0.42639023800771514,1.1712912150144577,1.5480164554211644
-0.1551964425103039,1.0441029311376853,0.2506048890969862,1.1265177812323477,-0.6188032609389825
1.0374576011877956,-0.8404355474572383,-1.5337562804006937,0.31827267835785644,0.6144247161699536
0.03073697383279589,-1.532296601664639,-0.517253942608787,-1.4264774994526843,-1.2763587878200244
-0.0237028724702626,-1.3645186056166503,-1.1132302324517576,-0.5711082501875988,-2.7573794824464173
-1.3624390492117162,-0.48568954199800396,-1.2826230237066367,0.5250290450984652,0.4602223472003724
-0.03254595737382318,-1.0777098257385058,0.7074747266396155,0.1167052966990397,-0.21433721358358876
-0.995452882349967,0.857838566737457,0.7804157972946483,-0.4772584042657879,-1.3683994678748443
1.2693404410761417,0.34133974708369835,-1.8520234458672893,-0.4997207190578808,-0.027442005383530643
0.1324345202355663,0.7842383163957327,1.963786103313199,1.4457999909831893,-0.1356011889095936
2.5878086010838817,0.02822177014130785,1.062259756628919,2.084466953166026,-1.68402282074934
0.7794162096002453,0.512610827232856,1.2593418682925208,0.7290677325783937,0.9256566046613459
-0.19891909549091447,0.5869421140555434,0.5534409776049973,-1.2435958204748203,0.8150511373476336
-0.3500758840387266,0.9972357458348311,0.8630982024235472,0.3620325785854415,1.1454236721589819
-0.04940260084895943,0.39814672820605207,-0.8913771446249819,-0.9729296250049014,1.3294807590580062
0.5159169590289218,2.34363532482823,1.5900212519234609,1.056791859581206,-0.1462087119756189
-0.20568904832423246,-1.1444186796159475,0.2309295086737893,-0.10222844979477859,0.12906494708261174
-0.4433759800945978,0.7169547735580006,-1.6989268591261548,-0.9602362502826348,-0.21498627144523152
-0.7893552555884912,0.6624055252301071,0.5874189747534388,-0.9623638167616929,-1.1678860585630155
-1.6154077503945126,-0.9168668061534387,-0.07536165893097818,-0.7899578690999718,-1.2631975993814648
0.030166887332400943,1.2906954595363844,0.2141692512584793,-0.857930590493006,-0.4433591309714937
1.8573515422289057,-0.9049091958545321,-0.10556580631144974,-0.8030996655918863,-0.13034755553510133
-0.5871426891713062,-0.5865595211354997,0.2929702550012617,-0.6165099734308181,-1.5298993789568303
-1.3881049768403417,0.588605781635082,-1.5923398248010727,-0.24800198313495497,-0.2613774729582292
-1.998139946489471,-1.3050027433386588,0.6648862371802821,-0.05006855883760005,0.2915821079935591
1.4217304527023582,0.4759764207873052,-0.24905816759643015,-0.11604061960468655,-0.5480522731505224
-0.4528829970124533,-0.9601227167894213,1.144731200696107,-0.3989220309425116,-0.7947919114588478
-0.6738074643676651,-0.7980734341363028,-0.10845531025590885,-0.42430423505974574,1.0530180618738736
-1.2273462035186709,-0.5580774211177462,0.49532155616864637,-1.2463495705124288,-0.15244222000968616
1.1797052156654178,0.9663818706303746,0.016612418630588967,1.0267094537395334,0.9299629289516047
-0.3995747390754559,0.6271359816102992,-0.7447208576932077,-0.6495739056700666,0.07361662070935303
-0.9567421325613047,-0.4216030405048005,-0.5499132354393745,0.7095462612589617,-0.6444456841917467
0.23473011546860723,0.8157533449453452,-2.575143796693852,0.38993903079717285,0.1672449749332499
-1.065907683394719,-0.5632608152179147,0.6579113139807595,-0.0884223452073594,-1.4085206074227585
0.38860969271473617,0.16430819512704212,-0.5944546682731151,0.17898547400957557,-0.6353876326327266
1.1169873763336797,1.7720569476197832,-2.4156179388977987,-0.003949605784382479,0.6827788724486507
-0.7702292606141212,0.281355796862301,-1.1292109270965698,-1.8935196038650888,0.5765659767732327
-0.2591114635497217,-0.18509405035491014,-0.7375393753649823,0.5833314772054669,0.40442062450203714
0.9983409911410709,0.2679186542939232,-0.1398140995575955,-0.17014567246890766,-0.6932172204818905
-1.3225952478031693,-1.4609232512208183,0.5823193988186489,0.09715040725099379,-0.28905057681041485
-0.8203807166411928,-0.11583317622535691,-0.9288364150989539,-0.3402272891040394,0.22042842352114
2.0661865860135333,-1.3296194523422504,-2.1039258404546004,-0.4142841907169401,0.3601071862517985
-0.33026410957020835,-0.5836583286399076,-1.0410273692413616,-0.8223409926170517,0.1029102400343331
0.23588753664761647,-0.8885756235107382,0.11336481735140957,1.5710929884864284,-0.6598394192509316
-0.7908494197776528,-0.3851783330546135,2.05265699564773,-0.5488602598599726,0.5045235741934645
0.2358593898970535,1.680514310751108,-0.47760022136494235,1.4934184404142612,-2.860891986198591
0.3280806985538037,-1.8681907093629364,0.8395831260141872,0.4743345077573344,1.378354992311536
0.7225698599204373,1.4667131769418185,-0.10756247332226948,0.06271909617325648,0.31125048332889316
2.1243981746344063,-0.6292547053775838,-1.3751960072530702,0.26647007783934645,-1.3900117006036132
-0.906543630895179,-0.8131197207366638,-1.0614289944844733,-0.36285572611407263,-0.9077803549791514
0.7141494148477964,-1.2878775114927512,0.5693476966339976,-0.32640092096102485,-0.5359653995013657
0.3964786758560753,-0.34129150625540944,-1.0601724659229919,0.42964821541035314,0.2576709487950551
-0.24173060808391933,1.6278354099177885,-0.492379274617994,0.13168046923524224,-2.1577651902506583
0.1958596249744953,-1.3673968400741978,0.5218329092879244,0.6512030035697436,0.39317740723123284
0.9468816083201085,0.2816091473794018,-0.1895781995380678,2.019309471272434,-1.5054779524557174
0.21383816195843883,1.9601196964079475,1.183265658483579,0.8766786027166225,0.4380114008852164
-0.18327897787797032,0.6162368939308775,-0.5529293584604957,0.0704019736516456,-0.7216175195261747
0.842502206114328,-0.7668332711519121,-0.7003228420451167,1.3209650252935012,-0.867604057985672
-0.5177691667580295,1.2707859601484943,-0.5431177449720868,-0.8707235234402476,0.09213553909915373
0.856581475597042,0.062395046026576396,1.6738406439775027,-0.9843103402218617,-0.7970908663908661
0.6228935521281758,-0.9878050081543002,-0.3082039616695368,-0.3964899306305804,-0.8305796651834291
-0.32373463126012897,-0.09177995697897692,-0.4521283177724083,-1.5994589546894202,-0.7178404690841763
-1.2464383634442946,1.6795704292251115,0.15092483144590113,-2.2229135238709725,0.04194094088683039
-0.6365714872126914,-0.45459927001228423,2.5578545831510566,-1.2728833527832784,-0.7331478384634698
0.4618243956562463,-0.5770625135720007,0.1540938893325995,0.12448454815502258,1.010498879270071
-1.0929671412970445,0.07173860578216418,-0.0007135411328723162,0.6907297194580795,-1.7394671323039421
0.15608395639568196,0.7561719043348426,-0.7119507985484038,-0.36671819891008833,0.04951068405554954
0.3615670372601533,-0.5599497457552326,0.6574535844090018,1.0723931945303498,-0.913764990361673
-1.0020375058428337,-0.2107895113129963,1.2783416905935632,0.06552695723266343,0.48425924076075133
0.4428213508670846,-0.3023873743371837,2.2007943499121447,-0.5342487624893911,0.8942785806293864
1.7650846492788748,-1.0651607628759503,-0.3949539875683473,-0.7835383500944352,-0.10392148399768962
-0.7786482907128117,1.7339643021147706,0.1572640088200803,-0.5746468747432676,1.1274419900980366
1.0323149859300649,0.2707494602002743,2.112475568079656,0.746771899963013,-2.709411034383932
0.550312935910028,0.5975188371285751,-1.7308997400565902,-0.38854367925586575,-0.38962876389538736
1.1064030127522417,0.39652052819985956,-1.9439603449142844,-0.8667618472650026,-0.41135200719230175
-0.7078254104183515,0.29461126790802644,1.249000966347253,-1.0847531415174305,-0.6997457248992777
-0.22350783816015488,0.10808671249536173,0.18145693640465352,-1.7669133921146805,1.0256762250743068
-0.32296515723157326,-1.3867986364192708,-0.7260384508644988,-1.3433430496849414,2.3179120365814105
1.794996425505759,0.9287910197323394,0.9170373074745485,2.517732490434304,0.5854900805061894
0.5188886330999808,-0.8334342973913008,0.09050302466723636,1.0933244946393117,1.3508754170273405
0.8420012677881186,0.15918544129570705,1.3727080638466793,0.14566374195602436,1.3589264338060079
-0.7380615920896025,0.2503400063586153,-0.22658452048798644,0.881833132691581,-0.2671852377656317
-0.44699344013159736,0.6245787630321519,1.0423844121502939,0.07712757225040202,-0.5752790532761017
-1.6400219520470556,-1.1053496086548802,1.1050117626559386,0.45023237867616955,-1.1755387674068911
-0.9093463623146169,-1.749257467135867,-2.016223641264816,-0.7385778453578302,0.39811535089532535
-0.9826003448094376,-0.7824255470555622,-1.6279952254083958,-0.41979020664235234,-1.0797682234696944
0.018052810464892287,-0.10169487889112191,-0.3501952037934705,0.9384175292132358,1.6433905955507369
1.5930430154046946,-0.8586843756396177,0.3200106075053033,1.3520441211679335,0.5017580941301406
-0.6514075422699739,-2.202169045266085,1.365332576363411,-0.0946507810785083,-0.08977700557599219
1.0223165843610797,0.6160909094311878,0.1806645901850265,1.1207936990104312,-0.14031611931372237
-0.034394975723832606,2.1986382979821335,-1.8183114366079387,1.3393420741251418,0.2585030288658685
-0.5224454746653472,0.40020443985326914,-0.754920345917603,1.2917645902838994,-0.2574393184574266
0.44081888178208595,0.9856221390034702,-2.1683892139157006,-1.0947117830141213,-0.11243050822818175
1.106031473901131,-0.6082480752207945,-1.4424467905669123,1.1922076436816083,-0.5298442172464375
0.6014401551375028,0.21585773023943244,1.7158513823692771,1.4974560390602956,0.5707899303672234
1.3036501953090693,1.8720292037804642,-0.7607627957507823,-0.9034993188444393,0.39017056278510215
0.5342102049355203,1.0793328677762755,0.8007781286259227,0.8443472669981645,0.22090252628720436
-0.20047585864238146,0.5611128765073942,1.2741745423368305,0.8515357890147511,1.9552876013575962
-0.46180990195613675,1.2107417634499342,-0.5503379122113415,0.82419140769042,0.3987444184256425
-1.492434230799797,0.2092637406732867,-0.7691701015546065,0.32660930382295084,-0.6621458393706117
0.8997061370587955,-1.5508621287723552,-0.3058982887766679,0.849393026719006,1.1052315259778027
0.9834801865936066,0.37391533536137433,-3.0206765322617026,0.12788981001226823,1.6991998333287117
0.803995080297879,-0.43117993149970246,0.302637660249793,-1.4762801643817025,-0.1930501689717902
1.8695881073489156,-2.107159710336975,-0.5757167545818636,-0.2800344472832583,0.8928395925865704
-0.05973890691759232,-1.189425950836437,2.308510165425197,-0.6549250313378501,1.6334489794227378
0.42512086719275094,-0.13857345165336582,-0.7137593803618939,-0.09316382429897122,0.5815152897724797
-0.1511100922303855,0.452902459977772,-0.24826918545033286,-1.3357515846762953,-1.9199036734638295
1.3944103393463136,-0.22891463101952358,1.5506149280342265,-0.6663004618676541,-0.4251967010014521
-2.0657393362326477,-0.9328851576162004,-0.5018862477557979,0.07571259146944306,-1.0343872564356265
1.373611595990418,0.4204849899010822,-1.1556650044118477,-0.9987802490887773,0.0015800398450023028
0.3011203603223887,1.685101505961576,-1.3560421116827435,1.999254066412242,1.747725706811797
-1.0598199351991309,-1.408550616735471,-0.8479977749082711,0.4120373121190395,-0.6487920341107698
-0.7091096422159197,1.4841585250497065,0.14208702322796768,-1.370420856368939,1.0077854837158031
-0.553099668037167,-0.01748438968383177,1.3233678173928787,1.36105783689442,0.0731723987348947
-0.3160885677690015,-1.0922410276196777,1.5317442526401273,-0.6365234754208,-1.0895316759285991
1.241004110092248,-0.37694930663811327,-0.833136859224133,0.44274827868522215,1.2450414971044321
-0.7037426693180899,-0.557076637852769,-1.3158003346698923,-1.0076025654676812,1.1469977561345632
0.539779351628686,-0.9463055399949338,-1.1693879672541536,-1.8860731913110425,2.316319194327367
1.7247092133757917,-0.7730856845768114,0.07223181103887827,-0.2691123953286037,0.4217978117696205
0.4590662515623918,0.8200347747268905,-0.3387271694540943,-0.6801354698514109,-0.34224650956290636
-0.348225781377409,1.627684791405247,-0.7202861090682666,1.0703349561481432,0.044995608257002294
1.8734959414601409,0.56960239786236,-0.41626843910601974,1.1013692297214375,0.4236976090357848
0.5529283198717929,1.494909877112009,-0.8098374538105209,0.3308393790320497,0.3504673078554765
0.8552888985730266,1.485034688696841,-1.7736461710098081,0.14088904464423344,1.3331234807160781
-0.8868127705543447,0.22220706350504907,-1.4492281572903125,0.5260157314928035,2.190657363358369
-0.20486866231872486,-2.021873057377676,-1.2398897497521089,0.3891248760981521,-0.8477877775747149
0.47224489379557005,0.16107673996491803,0.8244493509932962,-0.7530725625428145,0.15434773588595158
-0.7205427674019625,-1.7697763852517445,0.9699848456961234,0.7387874226783604,-0.2808502492445921
1.609672784318842,0.9639303265617039,1.0023443693681073,-1.548790905092223,-1.174905893398201
0.10118638697436082,-0.494994108876501,-0.2255308566468735,0.9351139517815326,-0.04219776304490027
-0.1209949190317481,-0.7656954399889465,1.0050038807154267,-0.8039901863459186,-0.7230016471938842
-0.04130572901870584,1.3031356161075918,1.8206679036734628,1.732485436783281,0.4439322896305026
0.32084890206055783,0.4949774215654509,-1.027983398354091,0.7435873234636712,0.5997566399783835
1.2044448462822637,-1.6205568448123466,-0.7798619249426836,0.753307200438196,-0.00998158550171907
1.2884626830728623,-0.030887337803251202,-1.2200057774886728,-0.3381511911438663,-1.388193736244372
-0.21443300101284388,-0.6429592981744193,-1.27243425271636,-0.557869009945761,1.4265864872131655
0.5295320981306535,-0.6277239367906787,0.2835636712766539,-1.2395635604131707,-0.7183515283056762
-1.5666990087400126,0.15145562518248723,-1.2926307281118834,1.2842797550219989,-0.7264284008135155
1.0374098429612246,0.10973941386104374,1.640414327265891,-0.6140921667310204,2.4355829946436747
-0.30713891236654306,0.5676735872883485,-1.1846967758835683,-1.0468565477597176,0.6393345924264477
